,商品名,価格,リードタイム,prime,ASIN
0,ブリタ 浄水 ポット カートリッジ マクストラ プラス 1個セット 【日本仕様・日本正規品】,"価格:
￥1,570","無料配送: 11月16日 火曜日 詳細を見る
最速の配達日: 明日11月 15日, 8AM-12PMの間にお届けします。 購入手続き画面でご都合のよい時間帯を選択してください。",,B075D92L7V
1,パナソニック フェイスシェーバー フェリエ 白 ES-WF61-W,"価格:
￥4,091
ポイント: 41pt  (1%)  詳細はこちら","無料配送: 11月16日 火曜日 詳細を見る
最速の配達日: 明日11月 15日, 8AM-12PMの間にお届けします。 購入手続き画面でご都合のよい時間帯を選択してください。",,B079MNV8L1
2,【Amazon.co.jp限定】タオル研究所 [ボリュームリッチ] #003 バスタオル サンドベージュ 2枚セット ふかふか ホテル仕様 高速吸水 耐久性 人気 [毛羽レス] 【選べる5色】 Japan Technology,"価格:
￥1,600
ポイント: 16pt  (1%)  詳細はこちら","初回のご注文は 無料配送: 11月16日 火曜日 までにお届け
最速の配達日: 明日11月 15日, 8AM-12PMの間にお届けします。 購入手続き画面でご都合のよい時間帯を選択してください。",,B086WBLKTB
3,アイリスオーヤマ LED電球 口金直径26mm 広配光 40W形相当 昼光色 2個パック 密閉器具対応 LDA4D-G-4T62P,"過去価格:
￥981 詳細
セール特価:
￥930
OFF:
￥51 (5%)
ポイント: 9pt  (1%)  詳細はこちら","無料配送: 11月16日 火曜日 詳細を見る
最速の配達日: 明日11月 15日, 8AM-12PMの間にお届けします。 購入手続き画面でご都合のよい時間帯を選択してください。",,B07NQ61XT9
4,パナソニック エチケットカッター 白 ER-GN11-W,"価格:
￥1,136
ポイント: 11pt  (1%)  詳細はこちら","無料配送: 11月16日 火曜日 詳細を見る
最速の配達日: 明日11月 15日, 8AM-12PMの間にお届けします。 購入手続き画面でご都合のよい時間帯を選択してください。",,B07XTJGG9Y
5,【Amazon限定ブランド】 マスク さらさら 4枚組 男女兼用 フィット感 耳が痛くなりにくい 呼吸しやすい 伸縮性 立体構造 丸洗い 繰り返し使える キッズ SSサイズ ホワイト Home Cocci,"価格:
￥1,280
ポイント: 26pt  (2%)  詳細はこちら",,,B08F725R4K
6,ナイスデイ mofua (モフア) 毛布 ブラウン シングル (140×200cm) ブランケット 冬 あったか モフモフ 発売11周年 プレミアムマイクロファイバー 静電気対策強化 エコテックス認証 洗える 50000106,"参考価格:
￥3,480 詳細
価格:
￥2,480
OFF:
￥1,000 (29%)
ポイント: 25pt  (1%)  詳細はこちら","無料配送: 11月16日 火曜日 詳細を見る
最速の配達日: 明日11月 15日, 8AM-12PMの間にお届けします。 購入手続き画面でご都合のよい時間帯を選択してください。",,B00N3PQ9OU
7,シャープ 加湿 空気清浄機 プラズマクラスター 7000 スタンダード 13畳 / 空気清浄 23畳 2019年モデル ホワイト KC-L50-W,"過去価格:
￥19,800 詳細
セール特価:
￥18,480
OFF:
￥1,320 (7%)
ポイント: 185pt  (1%)  詳細はこちら","無料配送: 11月16日 火曜日 詳細を見る
最速の配達日: 明日11月 15日, 2PM-4PMの間にお届けします。 購入手続き画面でご都合のよい時間帯を選択してください。",,B07Z8PRD4W
8,ティファール ケトル 1.2L ジャスティンプラス ホワイト たっぷり 空焚き防止 自動電源OFF 湯沸かし KO340175,"価格:
￥3,618
ポイント: 36pt  (1%)  詳細はこちら","無料配送: 11月16日 火曜日 詳細を見る
最速の配達日: 明日11月 15日, 8AM-12PMの間にお届けします。 購入手続き画面でご都合のよい時間帯を選択してください。",,B00LGM4T1W
9,驚異の防臭袋 BOS (ボス) 非常用 簡易トイレ セット 50回分 (Aセット),"参考価格:
￥4,400 詳細
価格:
￥3,520
OFF:
￥880 (20%)","無料配送: 11月16日 火曜日 詳細を見る
最速の配達日: 明日11月 15日, 8AM-12PMの間にお届けします。 購入手続き画面でご都合のよい時間帯を選択してください。",,B00OYO4TOG
10,レック 激コロ スゴ技カット 70周 スペア 3個入 ( カーペットクリーナー ) S-770,"参考価格:
￥304 詳細
価格:
￥266
OFF:
￥38 (13%)
ポイント: 3pt  (1%)  詳細はこちら","初回のご注文は 無料配送: 11月16日 火曜日 までにお届け
最速の配達日: 明日11月 15日, 8AM-12PMの間にお届けします。 購入手続き画面でご都合のよい時間帯を選択してください。",,B016UBCQAY
11,【Amazon.co.jp限定】タオル研究所 [毎日シンプル] #001 バスタオル ジェットブラック 2枚セット 高速吸水 速乾 耐久性 人気 大判 [毛羽レス] 【選べる7色】 Japan Technology,"価格:
￥1,600
ポイント: 16pt  (1%)  詳細はこちら","初回のご注文は 無料配送: 11月16日 火曜日 までにお届け
最速の配達日: 明日11月 15日, 8AM-12PMの間にお届けします。 購入手続き画面でご都合のよい時間帯を選択してください。",,B07X8TQ9VL
12,ハウスホールドジャパン レジ袋 とって付 ゴミ分別用ポリ袋 100枚入 白 TR25 約15×35×マチ10cm,"価格:
￥110
ポイント: 1pt  (1%)  詳細はこちら","初回のご注文は 無料配送: 11月16日 火曜日 までにお届け
最速の配達日: 明日11月 15日, 8AM-12PMの間にお届けします。 購入手続き画面でご都合のよい時間帯を選択してください。",,B08367PFL2
13,SwitchBot スイッチボット スマートホーム 学習リモコン Alexa - Google Home IFTTT イフト Siriに対応 SwitchBot Hub Mini,"参考価格:
￥3,980 詳細
セール特価:
￥3,580
OFF:
￥400 (10%)
ポイント: 36pt  (1%)  詳細はこちら","無料配送: 11月16日 火曜日 詳細を見る
最速の配達日: 明日11月 15日, 8AM-12PMの間にお届けします。 購入手続き画面でご都合のよい時間帯を選択してください。",,B07TTH5TMW
14,レック 激落ちくん 鏡のくもり止め スプレー 浴室用 (効果アップお手軽コート) 70ml,"参考価格:
￥980 詳細
価格:
￥711
OFF:
￥269 (27%)
ポイント: 7pt  (1%)  詳細はこちら","初回のご注文は 無料配送: 11月16日 火曜日 までにお届け
最速の配達日: 明日11月 15日, 8AM-12PMの間にお届けします。 購入手続き画面でご都合のよい時間帯を選択してください。",,B08K399X4N
15,クイックルハンディ替え 大容量パック 12枚,"参考価格:
￥1,353 詳細
価格:
￥979 (
￥82 / 枚)
OFF:
￥374 (28%)
ポイント: 10pt  (1%)  詳細はこちら",,,B07GQPQTJG
16,サーモス 真空断熱マグカップ 280ml ステンレス JDG-280 S,"参考価格:
￥2,400 詳細
価格:
￥1,280
OFF:
￥1,120 (47%)
ポイント: 13pt  (1%)  詳細はこちら","初回のご注文は 無料配送: 11月16日 火曜日 までにお届け
最速の配達日: 明日11月 15日, 8AM-12PMの間にお届けします。 購入手続き画面でご都合のよい時間帯を選択してください。",,B09BV1T58V
17,サーモス 水筒 真空断熱ケータイマグ 350ml アイスグリーン JNR-351 IG,"過去価格:
￥1,791 詳細
価格:
￥1,673
OFF:
￥118 (7%)
ポイント: 17pt  (1%)  詳細はこちら","初回のご注文は 無料配送: 11月16日 火曜日 までにお届け
最速の配達日: 明日11月 15日, 8AM-12PMの間にお届けします。 購入手続き画面でご都合のよい時間帯を選択してください。",,B07VGPGHDJ
18,サーモス 真空断熱スープジャー 300ml ブラウン JBR-300 BW,"価格:
￥2,020
ポイント: 40pt  (2%)  詳細はこちら","無料配送: 11月16日 火曜日 詳細を見る
最速の配達日: 明日11月 15日, 8AM-12PMの間にお届けします。 購入手続き画面でご都合のよい時間帯を選択してください。",,B08DS18982
19,アイリスオーヤマ LED電球 口金直径26mm 広配光 40W形相当 昼光色 密閉器具対応 LDA4D-G-4T6,"価格:
￥702
ポイント: 7pt  (1%)  詳細はこちら","無料配送: 11月16日 火曜日 詳細を見る
最速の配達日: 明日11月 15日, 8AM-12PMの間にお届けします。 購入手続き画面でご都合のよい時間帯を選択してください。",,B07PY1XFW5
20,【Amazon.co.jp限定】 3M お風呂掃除 うろこ落とし 水垢 すごい鏡磨き ストロング シート2枚 スコッチブライト MC-03+R,"価格:
￥1,348
ポイント: 13pt  (1%)  詳細はこちら
クーポン
10% OFFクーポンの適用
詳細","初回のご注文は 無料配送: 11月16日 火曜日 までにお届け
最速の配達日: 明日11月 15日, 8AM-12PMの間にお届けします。 購入手続き画面でご都合のよい時間帯を選択してください。",,B09D8DFBTX
21,ニトムズ コロコロ 本体 S フロアクリン フローリング・カーペット対応 30周 1巻入 C2560,"参考価格:
￥1,078 詳細
価格:
￥513
OFF:
￥565 (52%)
ポイント: 5pt  (1%)  詳細はこちら","初回のご注文は 無料配送: 11月16日 火曜日 までにお届け
最速の配達日: 明日11月 15日, 8AM-12PMの間にお届けします。 購入手続き画面でご都合のよい時間帯を選択してください。",,B001NA25QI
22,【Amazon.co.jp限定】タオル研究所 [軽さの理由] #006 バスタオル ライトグレー すすき色 2枚セット 高速吸水 速乾 耐久性 薄手【選べる7色】 Japan Technology,"価格:
￥1,280
ポイント: 13pt  (1%)  詳細はこちら","初回のご注文は 無料配送: 11月16日 火曜日 までにお届け
最速の配達日: 明日11月 15日, 8AM-12PMの間にお届けします。 購入手続き画面でご都合のよい時間帯を選択してください。",,B08WPH3PWF
23,アイリスオーヤマ 大風量 セラミックファンヒーター 人感センサー付き 1200W マイコン式 押しボタンタイプ ホワイト PDH-1200TD1-W,"過去価格:
￥6,980 詳細
セール特価:
￥6,630
OFF:
￥350 (5%)
ポイント: 66pt  (1%)  詳細はこちら","無料配送: 11月16日 火曜日 詳細を見る
最速の配達日: 明日11月 15日, 8AM-12PMの間にお届けします。 購入手続き画面でご都合のよい時間帯を選択してください。",,B07HQT9C2J
24,レック セスキ の 激落ちくんシート フローリング 用 (4個パック) SS-292 & Ba 除菌ができる 食卓 ・ キッチン ふきん 15枚入 (アルコール除菌) SS-173【セット買い】,"価格：
￥862
セット買い価格:
￥601
OFF:
￥261 (30%)","明日11月 15日, 8AM-12PMの間にお届けします。 購入手続き画面で都合がいい時間帯を選択してください 詳細",,B08NY9LMWP
25,オムロン 上腕式血圧計 スタンダード19シリーズ ホワイト HCR-7104,"参考価格:
￥8,979 詳細
価格:
￥5,980
OFF:
￥2,999 (33%)
ポイント: 60pt  (1%)  詳細はこちら","無料配送: 11月16日 火曜日 詳細を見る
最も早いお届け日: 明日
1 時間 3 分 以内に注文した場合. 詳細を見る",,B07ZVL1D9F
26,オムロン 体重・体組成計 自動認識機能 HBF-226-G,"価格:
￥5,527
ポイント: 55pt  (1%)  詳細はこちら","無料配送: 11月16日 火曜日 詳細を見る
最速の配達日: 明日11月 15日, 8AM-12PMの間にお届けします。 購入手続き画面でご都合のよい時間帯を選択してください。",,B01NBXO7XY
27,オムロン 電子体温計 スピード検温15秒予測 けんおんくん MC-688 ホワイト,"価格:
￥1,791
ポイント: 36pt  (2%)  詳細はこちら","無料配送: 11月16日 火曜日 詳細を見る
最速の配達日: 明日11月 15日, 8AM-12PMの間にお届けします。 購入手続き画面でご都合のよい時間帯を選択してください。",,B076Q5WCPP
28,コイズミ 電気毛布 敷き毛布 丸洗い可 頭寒足熱配線 ダニ退治 抗菌防臭 130×80cm KDS-4061,"価格:
￥2,480
ポイント: 25pt  (1%)  詳細はこちら","無料配送: 11月16日 火曜日 詳細を見る
最速の配達日: 明日11月 15日, 8AM-12PMの間にお届けします。 購入手続き画面でご都合のよい時間帯を選択してください。",,B01LW43RYZ
29,アイリスオーヤマ 具だくさん ホットサンドメーカー 直火式 ガス火専用 シングル 内側プレス お手入れ簡単 ブラック 15.9×39×4.9cm GHS-S,"参考価格:
￥2,831 詳細
セール特価:
￥1,658
OFF:
￥1,173 (41%)
ポイント: 17pt  (1%)  詳細はこちら","初回のご注文は 無料配送: 11月16日 火曜日 までにお届け
最速の配達日: 明日11月 15日, 8AM-12PMの間にお届けします。 購入手続き画面でご都合のよい時間帯を選択してください。",,B07JWGTF54
30,【Amazon.co.jp 限定】 [山善] ホットカーペット 1畳 (88cm×175cm) ダニ退治機能 温度調節5段階 コンパクト収納 グレー AUB-100 [メーカー保証1年],"価格:
￥4,480
ポイント: 45pt  (1%)  詳細はこちら
クーポン
￥100 OFFクーポンの適用
詳細",無料配送: 11月16日 火曜日 詳細を見る,,B09C1P6T71
31,サーモス スプーン・ハシセット ディープレッド CPE-001 DR,"過去価格:
￥955 詳細
価格:
￥898
OFF:
￥57 (6%)
ポイント: 9pt  (1%)  詳細はこちら",初回のご注文は 無料配送: 11月24日 - 30日 までにお届け,,B09BV1BVPR
32,プラスライフ 不織布マスク 子供用 ピンク プリーツ型 個包装 50枚 息がしやすい BFE/VFE/PFEフィルター 耳が痛くなりにくい 使い捨て,"価格:
￥1,189 (
￥24 / 枚)
ポイント: 12pt  (1%)  詳細はこちら","初回のご注文は 無料配送: 11月16日 火曜日 までにお届け
最速の配達日: 明日11月 15日, 8AM-12PMの間にお届けします。 購入手続き画面でご都合のよい時間帯を選択してください。",,B096XLS2WQ
33,プラスライフ 不織布マスク 個包装あり 肌触り良い カラーマスク ウルトラシルキー グレー ふつうサイズ 使い捨て BFEフィルター プリーツ型マスク 50枚入り,"価格:
￥1,480 (
￥30 / 枚)
ポイント: 15pt  (1%)  詳細はこちら
クーポン
5% OFFクーポンの適用
詳細","初回のご注文は 無料配送: 11月16日 火曜日 までにお届け
最速の配達日: 明日11月 15日, 8AM-12PMの間にお届けします。 購入手続き画面でご都合のよい時間帯を選択してください。",,B09871RMB4
34,システムK カーペット ラグ ラグマット 防ダニ 抗菌 防臭 洗える ふわふわ肌触り 滑り止めホットカーペット対応 約1.5畳 カフェ 130×185cm,"参考価格:
￥2,780 詳細
価格:
￥2,580
OFF:
￥200 (7%)
クーポン
￥200 OFFクーポンの適用
詳細","無料配送: 11月16日 火曜日 詳細を見る
最も早いお届け日: 明日
8 時間 37 分 以内に注文した場合. 詳細を見る",,B08K39R6VH
35,マキタ コードレス掃除機CL107 紙パック+10枚セット バッテリー・充電器付 CL107FDSHW&A-48511,"価格：
￥22,660
セット買い価格:
￥14,167
OFF:
￥8,493 (37%)","明日11月 15日, 2PM-4PMの間にお届けします。 購入手続き画面で都合がいい時間帯を選択してください 詳細",,B07FCJGGFT
36,アイリスプラザ カーペット ラグ 洗える ラグカーペット マット 130×185cm 滑り止め付き ホットカーペット対応 2畳 防ダニ フランネル さらフワ触感 おしゃれ 北欧 じゅうたん グリーン,"セール特価:
￥1,922
ポイント: 19pt  (1%)  詳細はこちら","初回のご注文は 無料配送: 11月16日 火曜日 までにお届け
最速の配達日: 明日11月 15日, 2PM-4PMの間にお届けします。 購入手続き画面でご都合のよい時間帯を選択してください。",,B01M3RFAHM
37,Bedsure ブランケット 夏 ひざ掛け 毛布 70x100cm おしゃれ 冷房 ピンク 洗える 膝掛け 夏用 フランネル もうふ マイクロファイバー フリース ひざかけ 軽量 薄手 膝掛け,"過去価格:
￥1,290 詳細
セール特価:
￥1,096
OFF:
￥194 (15%)","初回のご注文は 無料配送: 11月16日 火曜日 までにお届け
最も早いお届け日: 明日
8 時間 36 分 以内に注文した場合. 詳細を見る",,B07RNK3W1L
38,東洋アルミ(TOYO ALUMINIUM) ほこり取り ホワイト 5個 パッと貼るだけ! ホコリとりフィルター 換気扇用 5個セット & 整流板付専用パッと貼るだけスーパーフィルター 3074【セット買い】,"セット買い価格:
￥2,046","明日11月 15日, 8AM-12PMの間にお届けします。 購入手続き画面で都合がいい時間帯を選択してください 詳細",,B08TDHWSBY
39,パナソニック 除毛器 フェリエ VIO専用シェーバー 防水 シルバー調 ES-WV60-S,"参考価格:
￥5,980 詳細
価格:
￥4,634
OFF:
￥1,346 (23%)
ポイント: 46pt  (1%)  詳細はこちら","無料配送: 11月16日 火曜日 詳細を見る
最速の配達日: 明日11月 15日, 8AM-12PMの間にお届けします。 購入手続き画面でご都合のよい時間帯を選択してください。",,B085FB1YSZ
40,レック セスキ の 激落ちくんシート キッチン用 (4個パック) SS-291 & Ba 水の激落ちシート IH & ガスコンロ 20枚入 (アルカリ電解水使用) SS-169【セット買い】,"セット買い価格:
￥572","明日11月 15日, 8AM-12PMの間にお届けします。 購入手続き画面で都合がいい時間帯を選択してください 詳細",,B08LDYB3P8
41,トイレ掃除 スクラビングバブル 流せる トイレブラシ 本体ハンドル1本 + 付け替え用16個セット (フローラルソープの香り4個入り + シトラスの香り12個入り) まとめ買い 使い捨て 洗剤,"価格:
￥1,200 (
￥1,200 / セット)
ポイント: 12pt  (1%)  詳細はこちら",,,B085SJJWBN
42,タニタ クッキングスケール キッチン はかり 料理 デジタル 1kg 1g単位 ホワイト KD-187 WH,"価格:
￥1,280
ポイント: 13pt  (1%)  詳細はこちら","初回のご注文は 無料配送: 11月16日 火曜日 までにお届け
最速の配達日: 明日11月 15日, 8AM-12PMの間にお届けします。 購入手続き画面でご都合のよい時間帯を選択してください。",,B004VC7VCS
43,Bedsure 掛け布団 シングル オールシーズン ふとん かけ布団 1.8kg 洗える かけふとん 冬 軽量 通気 抗菌防臭 アレルギー対策 150x210cm 掛布団,"参考価格:
￥5,044 詳細
価格:
￥3,880
OFF:
￥1,164 (23%)
クーポン
￥300 OFFクーポンの適用
詳細","無料配送: 11月16日 火曜日 詳細を見る
最速の配達日: 明日11月 15日, 8AM-12PMの間にお届けします。 購入手続き画面でご都合のよい時間帯を選択してください。",,B07VWH4BNL
44,サーモス ステンレスポット 1.5L ステンレスブラック TTB-1500 SBK,"価格:
￥3,003
ポイント: 60pt  (2%)  詳細はこちら","無料配送: 11月16日 火曜日 詳細を見る
最速の配達日: 明日11月 15日, 8AM-12PMの間にお届けします。 購入手続き画面でご都合のよい時間帯を選択してください。",,B08DTQD544
45,VK Living カーペット ラグ 洗える 滑り止め付 防ダニ 抗菌 防臭 135×185cm(約1.5畳) 12色選べる 1年中使えるタイプ 北欧 ふわっと手触り 優しいフランネルラグ 絨毯 トライアングル柄・グレー,"参考価格:
￥3,880 詳細
セール特価:
￥2,363
OFF:
￥1,517 (39%)","無料配送: 11月16日 火曜日 詳細を見る
最速の配達日: 明日11月 15日, 8AM-12PMの間にお届けします。 購入手続き画面でご都合のよい時間帯を選択してください。",,B07H79F7S2
46,VK Living 枕パッド 春秋冬 リバーシブル あったか フランネル オールシーズンで使える 静電気防止加工 洗える 防ダニ 抗菌防臭 一年間品質保証 43×63cm ネイビー,"過去価格:
￥1,099 詳細
セール特価:
￥841
OFF:
￥258 (23%)","初回のご注文は 無料配送: 11月16日 火曜日 までにお届け
最速の配達日: 明日11月 15日, 8AM-12PMの間にお届けします。 購入手続き画面でご都合のよい時間帯を選択してください。",,B09DKBL993
47,mianshe 北欧 ルームシューズ もこもこ ルームブーツ 暖かい ボアスリッパ 子供用 (ライトピンク XSサイズ 21cmくらいまで),"価格:
￥2,180
ポイント: 22pt  (1%)  詳細はこちら","無料配送: 11月16日 火曜日 詳細を見る
最速の配達日: 明日11月 15日, 8AM-12PMの間にお届けします。 購入手続き画面でご都合のよい時間帯を選択してください。",,B09BPJX319
48,東洋アルミ 整流板付専用パッと貼るだけスーパーフィルター 3074 & 東洋アルミ アレルブロックフィルター 約21×21cm 屋外の通気口用 花粉をキャッチ 24時間換気対応 5403 2枚入【セット買い】,"セット買い価格:
￥913","明日11月 15日, 8AM-12PMの間にお届けします。 購入手続き画面で都合がいい時間帯を選択してください 詳細",,B08TD6FM7G
49,象印 (ZOJIRUSHI) 水筒 ワンタッチ ステンレスマグ シームレス 0.36L アイスグレー SM-WA36-HL,"価格:
￥2,808
ポイント: 56pt  (2%)  詳細はこちら","無料配送: 11月16日 火曜日 詳細を見る
最速の配達日: 明日11月 15日, 8AM-12PMの間にお届けします。 購入手続き画面でご都合のよい時間帯を選択してください。",,B08TM3PBS4
50,【Amazon.co.jp限定】 3M スポンジ キッチン キズつけない 抗菌 ロング 6個 スコッチブライト SS-74K-6P,"過去価格:
￥1,100 詳細
価格:
￥878
OFF:
￥222 (20%)
ポイント: 9pt  (1%)  詳細はこちら",,,B01N0655HN
51,アイリスオーヤマ ヒーター セラミックファンヒーター 暖房器具 電気 足元 小型 温風 省エネ 脱衣所 人感センサー付き 800W ホワイト JCH-M082T ノーマルタイプ,"価格:
￥5,481
ポイント: 55pt  (1%)  詳細はこちら","無料配送: 11月16日 火曜日 詳細を見る
最速の配達日: 明日11月 15日, 8AM-12PMの間にお届けします。 購入手続き画面でご都合のよい時間帯を選択してください。",,B074P6MQB6
52,【Amazon.co.jp限定】 レック 激落ちくん マイクロファイバー クロス 20枚入 (20×30cm) ベージュ&ホワイト & 激落ち おそうじスリッパ ( Lサイズ ) ネイビー S-815【セット買い】,"セット買い価格:
￥1,402","明日11月 15日, 8AM-12PMの間にお届けします。 購入手続き画面で都合がいい時間帯を選択してください 詳細",,B08D75XGBL
53,パナソニック ミニクリプトン電球 E17口金 35ミリ径 40形 2個入 LDS100V36WCK2P,"価格:
￥291
ポイント: 3pt  (1%)  詳細はこちら","無料配送: 11月16日 火曜日 詳細を見る
最速の配達日: 明日11月 15日, 8AM-12PMの間にお届けします。 購入手続き画面でご都合のよい時間帯を選択してください。",,B001TKF1JU
54,ブラウン オーラルB 電動歯ブラシ すみずみクリーンやわらか D12013TE,"価格:
￥2,391
ポイント: 24pt  (1%)  詳細はこちら","無料配送: 11月16日 火曜日 詳細を見る
最速の配達日: 明日11月 15日, 8AM-12PMの間にお届けします。 購入手続き画面でご都合のよい時間帯を選択してください。",,B07B97VF6Q
55,アイリスオーヤマ LED電球 口金直径17mm 広配光 25W形相当 昼光色 2個パック 密閉器具対応 LDA2D-G-E17-2T62P,"過去価格:
￥1,030 詳細
セール特価:
￥970
OFF:
￥60 (6%)
ポイント: 10pt  (1%)  詳細はこちら","無料配送: 11月16日 火曜日 詳細を見る
最速の配達日: 明日11月 15日, 8AM-12PMの間にお届けします。 購入手続き画面でご都合のよい時間帯を選択してください。",,B07NQ628YM
56,アイリスオーヤマ 加湿器 加熱式加湿器 ホワイト SHM-120R1-W,"価格:
￥2,980
ポイント: 30pt  (1%)  詳細はこちら","無料配送: 11月16日 火曜日 詳細を見る
最速の配達日: 明日11月 15日, 8AM-12PMの間にお届けします。 購入手続き画面でご都合のよい時間帯を選択してください。",,B07WS5914Y
57,【Amazon.co.jp 限定】クモリ(Kumori) ボックスシーツ 綿100% 毛玉なし シーツ 単品売り 洗える オールシーズン ベッド/マットレス/敷き布団対応 ベッドシーツ マットレスカバー ベッドカバー(シングル・100X200cm オリーブ),"価格:
￥1,980
ポイント: 20pt  (1%)  詳細はこちら","初回のご注文は 無料配送: 11月16日 火曜日 までにお届け
最速の配達日: 明日11月 15日, 8AM-12PMの間にお届けします。 購入手続き画面でご都合のよい時間帯を選択してください。",,B07RG8MCG5
58,アスベル ペダルペール20L 「エバン」 ベージュ 634130,"参考価格:
￥2,828 詳細
価格:
￥1,527
OFF:
￥1,301 (46%)
ポイント: 15pt  (1%)  詳細はこちら","初回のご注文は 無料配送: 11月16日 火曜日 までにお届け
最速の配達日: 明日11月 15日, 2PM-4PMの間にお届けします。 購入手続き画面でご都合のよい時間帯を選択してください。",,B0058F2XT8
59,サーモス 水筒 真空断熱ケータイマグ 350ml メタリックレッド JNL-354 MTR,"価格:
￥1,491
ポイント: 15pt  (1%)  詳細はこちら","初回のご注文は 無料配送: 11月16日 火曜日 までにお届け
最速の配達日: 明日11月 15日, 8AM-12PMの間にお届けします。 購入手続き画面でご都合のよい時間帯を選択してください。",,B07VHM8M3Z
60,レック 激落ちくん キューブ 30個入 メラミンスポンジ (1個:4×4×2.9cm) 水だけで汚れ落とし S00242,"参考価格:
￥507 詳細
価格:
￥390
OFF:
￥117 (23%)
ポイント: 4pt  (1%)  詳細はこちら","初回のご注文は 無料配送: 11月16日 火曜日 までにお届け
最速の配達日: 明日11月 15日, 8AM-12PMの間にお届けします。 購入手続き画面でご都合のよい時間帯を選択してください。",,B07J6534TN
61,タニタ 温湿度計 時計 カレンダー 温度 湿度 デジタル 壁掛け 卓上 マグネット オレンジ TT-558 OR,"価格:
￥1,420
ポイント: 14pt  (1%)  詳細はこちら","初回のご注文は 無料配送: 11月16日 火曜日 までにお届け
最速の配達日: 明日11月 15日, 8AM-12PMの間にお届けします。 購入手続き画面でご都合のよい時間帯を選択してください。",,B010CK55CA
62,シャープ プラズマクラスター搭載 加湿器 ホワイト HV-L55-W,"過去価格:
￥17,576 詳細
セール特価:
￥15,888
OFF:
￥1,688 (10%)
ポイント: 159pt  (1%)  詳細はこちら",無料配送: 11月16日 火曜日 詳細を見る,,B08L4WNPCY
63,【セット買い】京セラ 包丁研器 鎌 ハサミ カッター 手動 ファイン セラミック 砥石 金属 簡単 日本製 Kyocera CS-10-N+ 包丁研器 手動 ロール シャープナー ダイヤモンド 砥石 セラミック 金属 チタン 鋼 包丁 簡単 日本製 DS20S,"価格：
￥3,300
セット買い価格:
￥2,071
OFF:
￥1,229 (37%)","明日11月 15日, 8AM-12PMの間にお届けします。 購入手続き画面で都合がいい時間帯を選択してください 詳細",,B08X1JRCM2
64,【Amazon.co.jp 限定】 西川 SEVENDAYS 掛け布団 シングル 洗える 抗菌 防臭 防ダニ オールシーズン あったか ボリューム 東レ FT綿 ほこりが出にくい ふんわり やさしい 無地 ホワイト AB07660580,"過去価格:
￥5,077 詳細
セール特価:
￥4,772
OFF:
￥305 (6%)
ポイント: 48pt  (1%)  詳細はこちら","無料配送: 11月16日 火曜日 詳細を見る
最速の配達日: 明日11月 15日, 2PM-4PMの間にお届けします。 購入手続き画面でご都合のよい時間帯を選択してください。",,B071VMDF89
65,山崎実業(Yamazaki) バスルーム ゴミ箱 ブラック 約W20×D8.7×H15㎝ タワー 排水穴あり ダストボックス 5539,"価格:
￥1,485
ポイント: 15pt  (1%)  詳細はこちら","初回のご注文は 無料配送: 11月16日 火曜日 までにお届け
最速の配達日: 明日11月 15日, 8AM-12PMの間にお届けします。 購入手続き画面でご都合のよい時間帯を選択してください。",,B09HRQQYNP
66,Bedsure 遮光カーテン 1級  防音 断熱 幅100cm×丈110cm オレンジ しゃこう 一級遮光 遮熱 遮音 2枚組 かーてん しゃねつ せっと おしゃれ,"参考価格:
￥3,614 詳細
価格:
￥2,780
OFF:
￥834 (23%)","無料配送: 11月16日 火曜日 詳細を見る
最速の配達日: 明日11月 15日, 8AM-12PMの間にお届けします。 購入手続き画面でご都合のよい時間帯を選択してください。",,B08CXTG47H
67,平安伸銅工業 つっぱり棒 ばね式強力タイプ ミニSS ホワイト 幅32~46cm 耐荷重8~4kg パイプ直径1.3cm RPW-1,"価格:
￥214
ポイント: 2pt  (1%)  詳細はこちら","初回のご注文は 無料配送: 11月16日 火曜日 までにお届け
最速の配達日: 明日11月 15日, 8AM-12PMの間にお届けします。 購入手続き画面でご都合のよい時間帯を選択してください。",,B00A6LHP2Y
68,アイリスオーヤマ IHコンロ IHクッキングヒーター 1400W 卓上 デザイン IHK-T37-P ピンク,"過去価格:
￥5,126 詳細
セール特価:
￥4,270
OFF:
￥856 (17%)
ポイント: 43pt  (1%)  詳細はこちら","無料配送: 11月16日 火曜日 詳細を見る
最速の配達日: 明日11月 15日, 8AM-12PMの間にお届けします。 購入手続き画面でご都合のよい時間帯を選択してください。",,B08G1CBY4J
69,アイリスオーヤマ ホットカーペット 電気カーペット 1畳 176×88cm IHC-10-H グレー,"価格:
￥4,981
ポイント: 50pt  (1%)  詳細はこちら
クーポン
5% OFFクーポンの適用
詳細",無料配送: 11月16日 火曜日 詳細を見る,,B01L72ZXJ2
70,加湿器 卓上 アロマ 2021進化版 超音波式 加湿器 超静音 車用加湿器 除菌 10時間連続加湿 七色LEDライト ペットボトル 小型 空気浄化機 空焚き防止 部屋 車載 オフィス 乾燥/花粉症対策 200ML (ブラック),"価格:
￥1,980","無料配送: 11月16日 火曜日 詳細を見る
最速の配達日: 明日11月 15日, 8AM-12PMの間にお届けします。 購入手続き画面でご都合のよい時間帯を選択してください。",,B07K7KTH92
71,アイリスオーヤマ LEDシーリングライト 調光タイプ ~6畳 (日本照明工業会基準) 3300lm 常夜灯 省エネ おやすみタイマー 取付簡単 CL6D-5.0,"価格:
￥3,980
ポイント: 40pt  (1%)  詳細はこちら",無料配送: 11月16日 火曜日 詳細を見る,,B01I0WV9TA
72,タニタ キッチン タイマー マグネット付き 大画面 100分 イエロー TD-384 YL でか見えタイマー,"価格:
￥469
ポイント: 5pt  (1%)  詳細はこちら",初回のご注文は 無料配送: 11月16日 火曜日 までにお届け,,B000BHLSN0
73,JEJアステージ 収納ボックス 日本製 NCボックス #1.5 積み重ね [幅20.5×奥行16×高さ9.4cm],"価格:
￥285
ポイント: 6pt  (2%)  詳細はこちら","無料配送: 11月16日 火曜日 詳細を見る
最速の配達日: 明日11月 15日, 8AM-12PMの間にお届けします。 購入手続き画面でご都合のよい時間帯を選択してください。",,B0040IVH1O
74,【セット販売】シャープ 加湿 空気清浄機 プラズマクラスター 7000 スタンダード 13畳 / 空気清浄 23畳 グレー KC-J50-H + 純正 Ag+イオンカートリッジ FZ-AG01K1,"価格：
￥20,199
セット買い価格:
￥16,754
OFF:
￥3,445 (17%)","11月 16日の火曜日, 8AM-12PMの間にお届けします。 購入手続き画面で都合がいい時間帯を選択してください 詳細",,B08169V6X6
75,昭和西川 毛布 シングル 二枚合わせ 極暖 使いやすい最適なボリューム感 肌ざわり なめらか 約1.8kg 140x200㎝ グレー,"過去価格:
￥3,980 詳細
セール特価:
￥2,830
OFF:
￥1,150 (29%)
ポイント: 28pt  (1%)  詳細はこちら","無料配送: 11月16日 火曜日 詳細を見る
最速の配達日: 明日11月 15日, 2PM-4PMの間にお届けします。 購入手続き画面でご都合のよい時間帯を選択してください。",,B07JB3GZ2B
76,タニタ 体重 体組成計 スマホ 50g 日本製 ゴールド RD-915L GD 医療分野の技術搭載/スマホでデータ管理 インナースキャンデュアル,"価格:
￥27,855
ポイント: 279pt  (1%)  詳細はこちら",無料配送: 11月16日 火曜日 詳細を見る,,B08R3CFQG9
77,クイックルワイパー ブラックカラー フロア用掃除道具 本体　スイスイかんたん! 汚れをパワフル捕集!,"価格:
￥1,540 (
￥1,540 / 個)
ポイント: 163pt  (11%)  詳細はこちら",,,B086H34V2R
78,ブラウン メンズ電気シェーバー シリーズ3 3010s 3枚刃 水洗い/お風呂剃り可,"過去価格:
￥4,580 詳細
セール特価:
￥4,122
OFF:
￥458 (10%)
ポイント: 41pt  (1%)  詳細はこちら","無料配送: 11月16日 火曜日 詳細を見る
最速の配達日: 明日11月 15日, 8AM-12PMの間にお届けします。 購入手続き画面でご都合のよい時間帯を選択してください。",,B01B5JCT4E
79,アイリスオーヤマ 布団 カバー 掛け布団カバー 綿100% シングル 150×210cm 洗える ネイビー CMK-S,"参考価格:
￥2,598 詳細
価格:
￥1,829
OFF:
￥769 (30%)
ポイント: 37pt  (2%)  詳細はこちら","初回のご注文は 無料配送: 11月16日 火曜日 までにお届け
最速の配達日: 明日11月 15日, 8AM-12PMの間にお届けします。 購入手続き画面でご都合のよい時間帯を選択してください。",,B0064JNFIA
80,ティファール 専用取っ手 ハンドル グロッシー・ブラック インジニオ・ネオ L99357 T-fal,"参考価格:
￥3,168 詳細
価格:
￥1,973
OFF:
￥1,195 (38%)
ポイント: 20pt  (1%)  詳細はこちら","初回のご注文は 無料配送: 11月16日 火曜日 までにお届け
最速の配達日: 明日11月 15日, 8AM-12PMの間にお届けします。 購入手続き画面でご都合のよい時間帯を選択してください。",,B01K3TNF5E
81,象印 加湿器 2.2L 木造和室6畳・プレハブ洋室10畳対応 スチーム式 蒸気式 フィルター不要 お手入れ簡単 自動加湿2段階 入タイマー&切タイマー搭載 ホワイト EE-RQ35-WA,"価格:
￥13,800
ポイント: 138pt  (1%)  詳細はこちら",無料配送: 11月16日 火曜日 詳細を見る,,B08HHGZM3X
82,驚異の防臭袋 BOS (ボス) 非常用 トイレ セット【凝固剤、汚物袋、BOSの3点セット ※防臭袋BOSのセットはこのシリーズだけ！】 (15回分),"過去価格:
￥1,650 詳細
価格:
￥1,320
OFF:
￥330 (20%)","無料配送: 11月16日 火曜日 詳細を見る
最速の配達日: 明日11月 15日, 8AM-12PMの間にお届けします。 購入手続き画面でご都合のよい時間帯を選択してください。",,B00YM156CA
83,オーエ 洗濯 物干し ハンガー ホワイト 約縦38.5×横53×奥行47cm HOS 8連 ベランダ用 手すりの高さで 干せる,"参考価格:
￥1,870 詳細
価格:
￥1,656
OFF:
￥214 (11%)
ポイント: 17pt  (1%)  詳細はこちら",初回のご注文は 無料配送: 11月16日 火曜日 までにお届け,,B002OL1PDE
84,VK Living こたつ布団 省スペース 正方形 単品175×175cm こたつ掛け布団 コンパクト 薄掛け フランネル 静電気防止 毛抜けない レース柄・ベージュ,"価格:
￥4,580","無料配送: 11月16日 火曜日 詳細を見る
最速の配達日: 明日11月 15日, 8AM-12PMの間にお届けします。 購入手続き画面でご都合のよい時間帯を選択してください。",,B07W6N8JWX
85,パナソニック 衣類スチーマー 360°スチーム 大容量タイプ ダークグレー NI-FS770-H,"参考価格:
￥14,000 詳細
価格:
￥10,727
OFF:
￥3,273 (23%)
ポイント: 107pt  (1%)  詳細はこちら","無料配送: 11月16日 火曜日 詳細を見る
最速の配達日: 明日11月 15日, 8AM-12PMの間にお届けします。 購入手続き画面でご都合のよい時間帯を選択してください。",,B08Z7F1BRG
86,パナソニック LEDネックライト ターコイズブルー BF-AF10P-G,"価格:
￥1,118
ポイント: 11pt  (1%)  詳細はこちら","無料配送: 11月16日 火曜日 詳細を見る
最速の配達日: 明日11月 15日, 8AM-12PMの間にお届けします。 購入手続き画面でご都合のよい時間帯を選択してください。",,B0051R4EUE
87,[山善] ミニマット 40×40cm ホットマット 一人用 足元マット 座布団 電気マット ベージュ YMM-W40 [メーカー保証1年],"価格:
￥2,527
ポイント: 25pt  (1%)  詳細はこちら",無料配送: 11月16日 火曜日 詳細を見る,,B09C1PGNMW
88,MAWA すべり落ちないマワハンガー 人体ハンガー 10本組 ゴールド 110563 & すべり落ちない ハンガー ズボン ロングスカート ストール用 シングル 10本組 ブラック 2121【セット買い】,"セット買い価格:
￥5,137","明日11月 15日, 8AM-12PMの間にお届けします。 購入手続き画面で都合がいい時間帯を選択してください 詳細",,B09359668D
89,ストレッチ ゴミ袋 半透明 乳白 45L 50枚入 & 手さげポリ袋 15L 半透明 300×540mm 0.02mm 結びやすくて持ちやすい 30枚入【セット買い】,"セット買い価格:
￥623","明日11月 15日, 8AM-12PMの間にお届けします。 購入手続き画面で都合がいい時間帯を選択してください 詳細",,B08X84RF2Y
90,マルカ 湯たんぽ Aエース 2.5L 袋付 022524,"価格:
￥2,777
ポイント: 56pt  (2%)  詳細はこちら","無料配送: 11月16日 火曜日 詳細を見る
最も早いお届け日: 明日
8 時間 29 分 以内に注文した場合. 詳細を見る",,B005SKARC8
91,iwaki(イワキ) 耐熱ガラス ボウル 丸型 外径18cm 900ml KBC322 & waki(イワキ) 耐熱ガラス レンジカバー 900ml用 KB322F-CL & 京セラ スライサー ファイン セラミック うす切り 3段階 厚み調節 除菌 漂白 OK プロテクター 付き ホワイト 日本製 Kyocera CSN-182WHP【セット買い】,"価格：
￥3,514
セット買い価格:
￥1,955
OFF:
￥1,559 (44%)","明日11月 15日, 8AM-12PMの間にお届けします。 購入手続き画面で都合がいい時間帯を選択してください 詳細",,B097B9HSH6
92,お皿になる レンジでパスタ 電子レンジ調理用品 パスタメーカー 1人前 PS-G697,"価格:
￥990
ポイント: 10pt  (1%)  詳細はこちら","初回のご注文は 無料配送: 11月16日 火曜日 までにお届け
最速の配達日: 明日11月 15日, 8AM-12PMの間にお届けします。 購入手続き画面でご都合のよい時間帯を選択してください。",,B08T1WYGBG
93,サーモス スープジャーポーチ ブラック 300~500ml用 RET-001 BK,"参考価格:
￥2,000 詳細
価格:
￥1,091
OFF:
￥909 (45%)
ポイント: 11pt  (1%)  詳細はこちら","初回のご注文は 無料配送: 11月16日 火曜日 までにお届け
最速の配達日: 明日11月 15日, 8AM-12PMの間にお届けします。 購入手続き画面でご都合のよい時間帯を選択してください。",,B07VCCJV8C
94,アイリスオーヤマ 棚 本棚 カラーボックス 3段 収納ボックス テレビ台 ラック 収納 収納ケース コスメ収納 棚 おしゃれ ラック 本棚おしゃれ 収納ラック 13色 収納ボックス 本棚 幅41.5×奥行29×高さ88cm アッシュグレー CX-3,"参考価格:
￥1,813 詳細
価格:
￥1,391
OFF:
￥422 (23%)
ポイント: 14pt  (1%)  詳細はこちら",初回のご注文は 無料配送: 11月16日 火曜日 までにお届け,,B07THSLP4Y
95,ソフケン 額縁フレーム スリムエイト [A1サイズ ゴールド],"参考価格:
￥3,850 詳細
セール特価:
￥2,882
OFF:
￥968 (25%)
ポイント: 29pt  (1%)  詳細はこちら","無料配送: 11月16日 火曜日 詳細を見る
最速の配達日: 明日11月 15日, 2PM-4PMの間にお届けします。 購入手続き画面でご都合のよい時間帯を選択してください。",,B00CBTRFPG
96,【Amazon.co.jp限定】 3M トイレ掃除 トイレブラシ 使い捨て スポンジ 洗剤付 本体 取替15個 スコッチブライト,"価格:
￥1,309
ポイント: 13pt  (1%)  詳細はこちら

クーポン
10% OFFクーポンの適用 初回分お届け時に
詳細",,,B00WZCUN4O
97,貝印 KAI ピーラー(皮むき器) SELECT100 I型 DH3001,"参考価格:
￥1,320 詳細
価格:
￥793
OFF:
￥527 (40%)
ポイント: 8pt  (1%)  詳細はこちら",初回のご注文は 無料配送: 11月16日 火曜日 までにお届け,,B0009WCIE0
98,"SwitchBot スイッチボット スイッチ ボタンに適用 指ロボット スマートホーム ワイヤレス タイマー スマホで遠隔操作 Alexa, Google Home, Siri, IFTTTなどに対応（ハブ必要）","過去価格:
￥3,980 詳細
セール特価:
￥3,580
OFF:
￥400 (10%)
ポイント: 36pt  (1%)  詳細はこちら","無料配送: 11月16日 火曜日 詳細を見る
最速の配達日: 明日11月 15日, 8AM-12PMの間にお届けします。 購入手続き画面でご都合のよい時間帯を選択してください。",,B07B7NXV4R
99,タニタ 非接触体温計 BT-54X アイボリー BT-542 IV,"過去価格:
￥3,836 詳細
セール特価:
￥3,580
OFF:
￥256 (7%)
ポイント: 36pt  (1%)  詳細はこちら","無料配送: 11月16日 火曜日 詳細を見る
最速の配達日: 明日11月 15日, 8AM-12PMの間にお届けします。 購入手続き画面でご都合のよい時間帯を選択してください。",,B08XWJ8P2L
