,会社名,求人タイトル
0,テレック株式会社 | 土日祝休みOK／産・育休完備／入社2年目で月給34万円も可能,【受付】完全週休3日・年休156日・原則定時退社・月給23万円以上 正社員
1,株式会社ビッグモーター | 年収800万円も可能★月8～10日休み★面接1回★住宅手当など充実,【クルマの修復スタッフ(鈑金・塗装)】☆未経験・無資格歓迎！ 正社員
2,株式会社ホットスタッフ博多 | 北九州、行橋、小倉、飯塚、新宮、久留米に拠点を展開！,人材派遣会社の【 営業職 】★経験ゼロでOK！まずはご応募下さい 正社員
3,東建コーポレーション株式会社 | ＼若手限定求人／ 20代で年収100万円以上UPの先輩多数！,今から変われる【 営業 】※全国募集／30歳まで／WEB面接実施 正社員
4,UTエイム株式会社 | 【超スピード選考】最短当日面接＆当日採用(規定有)！,【自動車製造スタッフ】転籍実績も多数！★月収42万円以上も可！ 正社員
5,株式会社ガリレオコーポレーション | ☆★週休2日制&年間休日117日で、プライベートも充実★☆,"シッカリ稼ごう！年収1,000万円もめざせる【営業】※年齢不問 正社員"
6,東建コーポレーション株式会社 | ◎WEB面接実施中　◎全国採用実施中（自宅近くの拠点を考慮）,社会人経験があればOK！【営業系総合職】※年齢不問／全国募集 正社員
7,株式会社九州エネコ | 《年収例／3年目 880万円／3年目 738万円／6年目 1421万円》,★年休120日以上/完休2日制/転勤なし/社員寮あり★【企画営業】 正社員
8,東建コーポレーション株式会社 | ◎WEB面接実施中　◎全国採用実施中（自宅近くの拠点を考慮）,これからのあなたを応援！【企画営業】※全国募集／年齢不問 正社員
9,株式会社いーふらん | 買取専門店「おたからや」を全国1300店舗(出店待機含)展開！,【買取営業】入社初月収50万円超続出！／完全反響営業／経験不問 正社員
10,日研トータルソーシング株式会社 | 大阪府緊急雇用対策に賛同◆年休最大160日◆応募⇒内定まで2週間,【ものづくり総合職】★未経験からやりたいことが見つけられる！ 正社員
11,東建コーポレーション株式会社 | WEB面接実施！『 年齢に関係なく、まだまだやれる会社です！』,中途の40～50代活躍中！【営業】※全国募集/未経験歓迎/年齢不問 正社員
12,UTエイム株式会社 | 【東証一部上場グループ】★WEB面接OK／今月入社も可能,未経験・第二新卒OK【総合職(組立・検品等)】★月収42万円以上可 正社員
13,UTエイム株式会社 | 【東証一部上場グループ】★完全週休2日制・年休190日以上も可能,【検査・実験評価スタッフ】月収42万円以上も可能！★未経験歓迎 正社員
14,東京エムケイ株式会社 | 月収実績:タクシー81.3万円/ハイヤー119.8万円★有給取得80％超,最高級サービスを届ける【コンシェルジュドライバー】※学歴不問 正社員
15,株式会社ライジングサンセキュリティーサービス | ☆★新規事業拡大につき50名大募集★☆出張面接も行っています！,福島支社募集【警備】★月給32万~最大42万円！★女性活躍中★ 正社員
16,エーアイアールグループ合同募集 | ★中途採用者活躍中 ★平均年齢29歳 ★残業少なめ ★研修充実,【ルームアドバイザー】★1年目で月収85万円以上可★11月入社OK 正社員
17,アップライブステージ株式会社 | テレワークの普及に伴い売上も2倍◎実績給で最高70万円支給有,【ライブ配信コーディネーター】★タレント発掘＆育成★高卒以上 正社員
18,株式会社京栄コンサルティング | 法人営業（年収例:720万円/25歳/中途入社4年目）,【法人営業】◆人材×Web集客◆ベンチャー企業◆月給25万円以上 正社員
19,日研トータルソーシング株式会社 | 大阪府緊急雇用対策に賛同　★年休最大160日＋残業ほぼなし,【マシンオペレーター】★学歴・経験・職歴など一切不問！ 正社員
20,東建コーポレーション株式会社 | ◎WEB面接実施中　◎全国採用実施中（自宅近くの拠点を考慮）,どんな経験も活かせる【企画営業】※全国募集/社会人経験者募集 正社員
21,インターギアソリューション株式会社 | ★社内専属制作メンバーの年収実績1500万以上,【求人広告制作ディレクター】1年間『月額報酬最大85万円』保証 業務委託
22,実用春日ホーム株式会社 | <「文京区に特化、13店舗展開」が強み！>★地域密着でニーズ大,店長平均月給51万円～！【不動産営業】★経験者優遇★店長候補 正社員
23,UTエイム株式会社 | 【東証1部上場グループの安定基盤】条件重視の方はぜひ！,月収42万円以上も可能【検品検査スタッフ】未経験歓迎！転勤なし 正社員
24,株式会社いーふらん | 【高級宝飾時計商おたからや】◆残業なし◆有休消化率100％,"＼未経験・1年目で年収1,000万円超の実績多数／【営業系総合職】 正社員"
25,大同生命保険株式会社 | ★業界経験一切不問 ★有給取得実績多数 ★転勤なし ★土日休み,基本17時退社★平均月給42.9万円【法人営業】※社会人経験者限定 正社員
26,UTコンストラクション株式会社 | 東証一部上場グループ★大手ゼネコンへの転籍実績も多数,前職給与保証!!【施工管理スタッフ】※土日休／残業月平均20時間 正社員
27,ソフトバンク営業職合同募集 | 【条件満たす方全員、電話面談確約】,35歳以下★ソフトバンクの【法人営業】学歴不問★未経験OK 正社員
28,株式会社リライズ | 研修制度・資格取得支援！未経験でも成果が出せる仕組み！,◎未経験から高額インセン/業界成約率の4～5倍！【不動産営業】 正社員
29,日研トータルソーシング株式会社 | 大阪府緊急雇用対策に賛同◆未経験歓迎◆残業ほぼなし◆転勤なし,【検品検査スタッフ(スマホ等の検品・組立)】★年休最大160日！ 正社員
30,UTエイム株式会社 | 【東証一部上場グループ】★安定基盤,シンプルワーク中心【軽作業スタッフ(梱包・検品等)】未経験OK！ 正社員
31,インターギアソリューション株式会社 | <応募の秘密は厳守>★電話で稼ぐ！固定報酬＋高額インセンティブ,【求人広告電話営業】★未経験から平均月収40万円★当月払い可能 業務委託
32,株式会社ワークナビ | [創業以来売り上げ増加中]■2021年ベストベンチャー100に選出！,"『楽しく稼げる会社』""NO.１""を目指す！【法人ルート営業】 正社員"
33,株式会社あひるコンサルティング | ★目標は自分で決めるもの。自分を律して「ガッツリ」稼ぐ！！★,コンサルティング営業でしっかり稼ぐ！★未経験者でも固定給保証 正社員
34,アウトソーシンググループ合同募集 | ★東証一部上場グループ／昇給＆業績賞与や各種手当も充実！,ラクラク通勤圏内♪UIターン歓迎♪【サポートスタッフ】(株)PEO 正社員
35,株式会社ビッグモーター | 業界No.1の実績＆安定性／転勤なし・好きな街や地元でずっと活躍,未経験デビューOK【事務】★月給23.98万円～／残業なし／土日休 正社員
36,株式会社優誠 | 【大阪府緊急雇用対策に賛同】ノルマなし＆成約率は50％以上！,【営業スタッフ】未経験OK／月収100万円超も可能／基本土日休み 正社員
37,株式会社エー・エス・エル | 《東証一部上場企業グループ》コロナ禍でも過去最高益レベル！,【ITエンジニア(開発/インフラ) 】★年休123日＆残業月15h程度★ 正社員
38,株式会社クラシアン | 未経験歓迎★日本全国に展開中！好きな街で働ける,安心して働ける&しっかり稼げる【サービススタッフ】★月9日休み 正社員
39,アプライド マテリアルズ ジャパン株式会社 | 「初任給が高い」未上場企業ランキング第2位,【保守修理スタッフ】学歴不問◆年間休日123日◆関東エリア募集 正社員
40,クルーガーグループ株式会社 | 全国で複数名の積極採用／面接1回／家族手当など福利厚生◎,1ヶ月半研修で未経験も安心♪【ルート営業】☆20～40代活躍中！ 正社員
41,UTエイム株式会社 | 【東証1部上場グループ】何十年先も、重宝される人材へ！,ゼロからスキルUP!【ロボットエンジニア】未経験歓迎/面接1回 正社員
42,UTエイム株式会社 | 【東証一部上場グループ】安定性抜群★WEB面接OK,月収42万円以上も可能！【工場ラインスタッフ】★未経験歓迎 正社員
43,中部自動車販売株式会社 | ★創業以来黒字・無借金経営 ★10月本社を新自社ビルに移転！,【カーライフアドバイザー】年収1000万円以上可能★完全反響 正社員
44,日研トータルソーシング株式会社 | 大阪府緊急雇用対策に賛同／未経験歓迎・WEB面接実施中！,もくもくと自分らしく働ける仕事！【在庫管理・検査スタッフ】 正社員
45,株式会社ビッグモーター | 【業界No.1企業】転勤なし★地元勤務できる正社員★未経験歓迎！,【カーライフアドバイザー】平均月収75.1万円！※40歳以下募集 正社員
46,アプライド マテリアルズ ジャパン株式会社 | 「初任給が高い」未上場企業ランキング第2位,【保守修理スタッフ】学歴不問◆年間休日123日◆広島県募集 正社員
47,株式会社ミュゼプラチナム | ★全身美容脱毛0円！WEB面接1回＊美容脱毛専門サロン売上NO.1※,未経験OK★50名採用【総合職（受付・エステ・企画・PR）】 正社員
48,居藏管工株式会社 | いぐらかんこう｜#入社祝い金支給#経験者は前職給与を保証！,働き方が選べる【メンテナンススタッフ】未経験で月給29万円も可 正社員
49,株式会社ビッグモーター | 億単位の設備とクリーンな環境◆月8日以上休み／賞与年2回,未経験歓迎☆年収800万円以上も可能！【自動車整備士】*年齢不問 正社員
50,株式会社アイダ設計 | テレビCMでお馴染みの企業！成長が止まらないハウスメーカー！,100％反響型の【戸建住宅のアドバイザー】★女性も活躍中♪ 正社員
51,アプライド マテリアルズ ジャパン株式会社 | 「初任給が高い」未上場企業ランキング第2位,【保守修理スタッフ】学歴不問◆年間休日123日◆三重県募集 正社員
52,バリュエンスホールディングス株式会社 | 【マザーズ上場企業】◆20代の店長多数！多彩なキャリアを歩める,【なんぼやの店長候補】◆月給25万円以上◆賞与年2回◆月10日休 正社員
53,アウトソーシンググループ合同募集 | ★東証一部上場グループ／出勤翌日から振込可能！日払い制度あり,出勤翌日から給与GET【サポートスタッフ】(株)アウトソーシング 正社員
54,株式会社アミ―クス | 『トータルリペア』オーナー募集,リペア職人として1人で独立！トータルリペアの【FCオーナー】 FCオーナー
55,株式会社要 | ＜ゲームやアプリ開発、インフラ構築など案件豊富＞※経験者歓迎,【ITエンジニア(開発/インフラ)】★残業平均7H以下★有給即付与 正社員
56,株式会社ワンブリッジ | 住宅手当・家族手当・40種類の資格手当など福利厚生充実！,大手Sier&プライム案件が中心！【ITエンジニア】★微経験者もOK 正社員
57,株式会社ネクステージ | 【東証・名証一部上場】業界TOPクラスの高待遇／平均年収740万円,【完全反響営業】★未経験から地元で月収150万円以上も可能 正社員
58,JTA株式会社 | 【20代で年収1000万円超えの社員続出中！】◆土日休み◆転勤なし,本気で年収1000万円を目指す方へ【営業】高率インセン＋随時昇給 正社員
59,アプライド マテリアルズ ジャパン株式会社 | 「初任給が高い」未上場企業ランキング第2位,【保守修理スタッフ】学歴不問◆年間休日123日◆京都府募集 正社員
60,株式会社ネクステージ | ◎東証・名証一部上場 ◎土日祝休も可 ◎未経験から稼げる仕組み,店舗型営業【カーアドバイザー】★全国採用/月収150万円目指せる 正社員
61,日研トータルソーシング株式会社 | 【大阪府緊急雇用対策に賛同】◆年休最大160日◆地域限定正社員,ものづくりの【アシスタントスタッフ(メンテナンス補助等)】 正社員
62,株式会社クラシアン | 景気に左右されない安定企業★毎年依頼件数が増加中！,年収800万円を目指せる【営業】★残業代100%＆歩合給＆手当あり 正社員
63,株式会社一条工務店 | コロナ禍でも過去最高受注数を達成｜★全国募集！拠点450ヵ所有,＼販売棟数No.1／完全反響型！展示場来場者への【営業・販売】 正社員
64,株式会社秀永 | 無借金経営・年間家賃収入8億円超◆年休120日超◆20~30代活躍中,月給30万円以上！【不動産管理】◆完全土日祝休◆残業なし 正社員
65,アプライド マテリアルズ ジャパン株式会社 | 「初任給が高い」未上場企業ランキング第2位,【保守修理スタッフ】学歴不問◆年間休日123日◆東北エリア募集 正社員
66,株式会社ビッグモーター | 平均年収939万円＆入社1年目で年収1000万円可能★20～30代活躍中,最高月収351万円の実績【販売・買取スタッフ】*社会人経験者募集 正社員
67,株式会社RCIエージェンシー | 家族や大切な人を最優先できる環境！売上高は前年度比300％UP！,【IT総合職（SE・ITコンサル）】土日祝休み／新規事業立上げ！ 正社員
68,UTコンストラクション株式会社 | <東証一部上場グループ>家電家具付き社宅＋6割補助＋引越費支給,【点検・保守】未経験歓迎☆日勤/基本土日休み/平均月収29万円 正社員
69,アプライド マテリアルズ ジャパン株式会社 | 「初任給が高い」未上場企業ランキング第2位,【保守修理スタッフ】学歴不問◆年間休日123日◆九州エリア募集 正社員
70,株式会社ITAGE GLOBAL | 官公庁・大手企業の案件多数｜男性の育児休暇取得実績あり,案件に応じたインセンティブを毎月支給【SE／PG】★転勤なし 正社員
71,UTエイム株式会社 | 【東証一部上場グループ】★WEB面接OK,コツコツ働ける♪【箱詰め・梱包スタッフ】未経験歓迎 正社員
72,株式会社ビッグモーター | *＼未経験歓迎／* イチから丁寧にレクチャー＆マニュアル完備！,業界No.1の安定企業で働く【登録事務スタッフ】☆基本定時退社 正社員
73,株式会社ビッグモーター | 【業界No.1】平均年収939万円◆表彰式あり◆未経験歓迎◆面接1回,未経験歓迎！2年目で年収2389万円の実績【車の営業】 ※高卒以上 正社員
74,株式会社ポケットモバイル | オンオフつけた最高の働き方OK★平均年齢27歳★同期も多数活躍中,『基本残業なし』でスマートに働く！【提案営業】★未経験歓迎 正社員
75,アプライド マテリアルズ ジャパン株式会社 | 「初任給が高い」未上場企業ランキング第2位,【保守修理スタッフ】学歴不問◆年間休日123日◆富山県募集 正社員
76,株式会社TERASS | 年収2000万以上も可能/仲介手数料の75％が年収/副業OK/面接1回,フルリモート【不動産売買仲介エージェント】※業界経験者募集 業務委託
77,株式会社ビッグモーター | ＼業界No.1 ◆ 店舗別採用 ◆ 平均年収939万円／,業界最大手で働く【営業職】※経験／学歴／年齢不問 正社員
78,UTコンストラクション株式会社 | 東証一部上場グループ★大手グループの安定基盤★土日祝休み,☆未経験歓迎☆【総合職(管理・資料作成等)】★スピード入社可能 正社員
79,株式会社ビッグモーター | ◆月収例37万5200円（26歳／未経験者3年目）◆マイカー通勤OK,未経験歓迎★1～2時間の短距離★普通免許でOK【配送ドライバー】 正社員
80,株式会社T-TOP | コロナ禍でも安定ニーズ/昇給年2回/大阪府緊急雇用対策に賛同,完全週休2日＆月給25万円～！【営業スタッフ】★平均月収48万円 正社員
81,株式会社イースマイル | 【TVCM展開中！全国30拠点を展開】大半が前職より収入UPを実現！,★入社1年目で年収500万円が可能！【水のサービススタッフ】 正社員
82,株式会社アイエスエフネット | ★在宅勤務OK★完全週休2日★平均残業7.8h★インセンMAX60％,月35万～【ITエンジニア】★有給消化81％★年休126日／学歴不問 正社員
83,株式会社アール・エム | 大阪府緊急雇用対策に賛同｜2021年度営業職の最高月収165万円！,【WEBコンサル営業】正当評価で高収入！20代年収例1500万円超 正社員
84,株式会社ビッグモーター | 業界No.1◆インセンティブあり／年収800万円以上可／残業少なめ,平均月収51万円！【自動車整備スタッフ】★未経験OK★45歳以下 正社員
85,UTエイム株式会社 | 大阪府緊急雇用対策に賛同【東証一部上場グループ】,【製造スタッフ】未経験から高収入！★月収最大42万円も可能 正社員
86,株式会社アイエスエフネット | ★在宅勤務OK★年休126日★平均残業7.8h★インセンMAX60％,微経験(入社時)から年276万円UP実績有【ITエンジニア】高卒以上 正社員
87,株式会社スタッフサービス | 【エンジニアリング事業本部】コロナ禍でも安定成長中,最新家電や新型ロボット等の【ものづくりサポート】未経験OK 正社員
88,DSP株式会社 | 入社半年で月収100万円以上の社員多数/大阪府緊急雇用対策に賛同,アニメやスポーツ番組の【反響営業】完全週休2日★学歴不問！ 正社員
89,株式会社ワールドコーポレーション,【管理業務スタッフ】※首都圏限定※未経験歓迎 正社員
90,UTエイム株式会社 | 【東証一部上場グループ】フリーターもOK！大切なのはこれから♪,月収42万円以上可能！【清掃・洗浄スタッフ】学歴一切不問☆ 正社員
91,株式会社アイエスエフネット | ★在宅勤務OK★年休126日★平均残業7.8h★インセンMAX60％,(入社時)年収750万円⇒864万円にUP実績有【インフラエンジニア】 正社員
92,株式会社ワールドコーポレーション | 大阪府緊急雇用対策に賛同,同期入社多数！【資材管理】★研修充実！※全国募集※未経験歓迎 正社員
93,日研トータルソーシング株式会社 | 【大阪府緊急雇用対策に賛同】◆年休最大160日◆残業ほぼなし,好きな街で働ける！【軽作業スタッフ】賞与2回※地域限定正社員 正社員
94,フォーザウィン株式会社 | ＜完全週休2日／年間休日125日／有休取得100％／基本定時退社＞,【開発エンジニア】◆経験者 ◆前給以上を確約 ◆リモート案件有 正社員
95,株式会社こども総合研究所 | ＜教育×IT(AI・ビッグデータ)／年休125日／残業ほぼゼロ＞,【100%自社内開発エンジニア】★前職給与以上を確約します★ 正社員
96,ウィズライフ株式会社 | 未経験歓迎！研修制度あり！【大阪府緊急雇用対策に賛同】,【マンションメンテナンスの営業】平均月収55万円！転勤なし！ 正社員
97,株式会社フィールド | ★いい環境×いい給与×いい人間関係！全部揃う＝近年離職者0★,年収1000万超社員が多数！法人向けの【不動産営業】※土日祝休み 正社員
98,日研トータルソーシング株式会社 | 【大阪府緊急雇用対策に賛同】★オンライン説明会開催中！,AI・自動化で話題の業界！【ロボットメンテナンス】◆未経験歓迎 正社員
99,DSP株式会社 | 初年度年収450万円以上可/産休育休有/大阪府緊急雇用対策に賛同,【総合職(営業/広報/人事/総務など)】やりたいことが見つかる♪ 正社員
100,フォーザウィン株式会社 | ＜完全週休2日／年間休日125日／有休取得100％／基本定時退社＞,あなたの第一希望、確約します。【ITエンジニア】◆前給以上保障 正社員
101,株式会社ビッグモーター | 月給23万9800円～/月8～10日休/土日休OK/賞与年2回/残業ほぼなし,【サービスフロント(受付事務)】未経験歓迎★高卒以上★転勤なし 正社員
102,日研トータルソーシング株式会社 | 大阪府緊急雇用対策に賛同　★応募から1～2週間でスピード内定可,年休最大160日☆ものづくり【サポートスタッフ】地域限定正社員 正社員
103,フォーザウィン株式会社 | ＜有休消化率100%／残業月平均15時間以下／年間休日125日＞,【インフラエンジニア】◆経験者 ◆前給以上確約 ◆面接保証 正社員
104,フォーザウィン株式会社 | ＜完全週休2日／年間休日125日／有休取得100％／基本定時退社＞,【開発エンジニア】◆未経験歓迎 ◆意欲重視 ◆自社内開発あり 正社員
105,フォーザウィン株式会社 | ＜有休消化率100%／残業月平均15時間以下／年間休日125日＞,【インフラエンジニア】◆未経験歓迎 ◆意欲重視 ◆面接1回 正社員
106,株式会社ビッグモーター | 業界No.1◆月給23万9800円～☆残業ほぼなし☆面接1回,未経験からはじめる【フロントスタッフ(受付・事務)】*学歴不問 正社員
107,UTエイム株式会社 | 大阪府緊急雇用対策に賛同【東証1部上場グループの安定基盤】,通勤しやすい職場で働く♪【倉庫内作業スタッフ】※土日休み可能 正社員
108,ソフトバンク営業職合同募集 | 【条件満たす方全員、電話面談確約】,ソフトバンクの【法人営業】社会人経験必須◎販売/接客経験歓迎 正社員
109,株式会社ハマエンジニアリング | 【TV＆WEBCM絶賛放映中】賞与年3回★20代で年収450万円超えも可,＼大分・長崎限定採用／ 【半導体メンテスタッフ】※交代勤務 正社員
110,株式会社そら | 『Dr.stretch』を全国展開＊自分とお客様の”人生を変える”仕事,【ストレッチトレーナー】知識・経験は不問です！年4回昇給あり 正社員
111,ソフトバンク営業職合同募集 | 【条件満たす方全員、電話面談確約】,ソフトバンクの【法人営業】未経験OK★高卒以上★35歳以下 正社員
112,株式会社ティーアイピー | 有給取得率100％／完全週休二日(土日休み)／社員寮(無料)あり,★20代まで限定★スマホの通信を支える【作業スタッフ】[未]歓迎 正社員
113,株式会社ファーストステージ | 【昨年、東証 TOKYO PRO Marketに上場】年間休日休暇は最大129日,年収1000万円超も可能【投資用不動産の営業】第二新卒歓迎！ 正社員
114,株式会社PENTAGON | 月給27万円～/入社1年目の平均年収は480万円/新日本住設グループ,★大阪・滋賀・高松・姫路募集★【営業】条件に合う方は全員面接 正社員
115,エムケイ株式会社 | 【大阪府緊急雇用対策に賛同】★社員寮完備★昼勤or夜勤を選択可,【観光コンシェルジュ(ドライバー)】※直近の平均月収27～45万円 正社員
116,株式会社PENTAGON | 月給27万円～/入社1年目の平均年収は480万円/新日本住設グループ,★仙台募集＆転勤なし★【営業】条件に合う方全員と面接します 正社員
117,藤崎税務会計事務所 | 試験休暇＆オンライン研修あり！頑張り次第で月収50万円可,【税務会計スタッフ】テレワーク導入／手当充実／資格取得支援有 正社員
118,日野自動車株式会社 | 東証一部上場・TOYOTAグループ,【製造スタッフ】★入社祝金・３ヵ月毎の慰労金有★＜全国募集＞ 契約社員
119,株式会社GoodWorkJapan | ★全国募集 ★収入UPを実現した先輩多数 ★残業少なめ,年収1000万円も目指せる！【施工現場の管理スタッフ】★面接1回 正社員
120,株式会社ジーアフター | 輸入車・国産車の買取、販売◇売上前年比130%成長で不況知らず！,車販売の【営業・店舗運営】未経験者も月給30万以上でスタート！ 正社員
121,株式会社グランドジャパン | 住まいからあらゆる未来の価値を創造する,"管理職候補【ライフコンサルタント】社宅あり/年収3,000万超可能 正社員"
122,株式会社VRST | ☆充実の独立支援制度☆残業月平均8.8h☆週3回テレワーク実施中,【ITエンジニア】★年収800万円以上も可★副業推奨★面接1回 正社員
123,株式会社ウイルテック | <未経験歓迎！>月収45万円以上も可能な好待遇／世界各国が勤務先,大手メーカー内で活躍！半導体製造装置の【据付・調整スタッフ】 正社員
124,株式会社テクトン | 「未経験で心配・・・」そんなあなたを応援する会社,★接客・販売職からの未経験入社多数★Excel研修あり【事務職】 正社員
125,株式会社アイビス | 自社開発のシステムを展開するIT企業／残業月30時間以内と少なめ,未経験歓迎！WEB広告・システムの【営業】※年間休日125日以上 正社員
126,HITOWAライフパートナー株式会社 | 全国募集★自宅開業OK★転勤なし◎未経験歓迎！学歴・スキル不問,面談確約【店舗経営】研修制度◎高収入を目指せる！選べる勤務地 FCオーナー
127,クリーンデバイス・テクノロジー株式会社,カーエアコンクリーニング「空気の洗車屋さん」【FCオーナー】 FCオーナー
128,新日本ハウス株式会社 | 転勤ナシ＝好きな街で働けます！吉幾三さんのCMでおなじみの会社,40～50代も活躍中★お客様に喜びを与えられる【リフォーム営業】 正社員
129,株式会社アーキ・ジャパン | 平均月収53万円(施工管理・技術職)【大阪府緊急雇用対策に賛同】,《希望の勤務地》《高収入》《望む働き方》を実現！【施工管理】 正社員
130,アウトソーシンググループ合同募集 | ★東証一部上場グループ／休み&オフ充実重視派も歓迎♪,日勤のみ×土日休OK♪月半分休む人も♪【製造スタッフ】(株)PEO 正社員
131,アウトソーシンググループ合同募集 | ★東証一部上場グループ／元フリーターも活躍中！,賞与/昇給で貯金♪【生産ラインスタッフ】(株)アウトソーシング 正社員
132,有限会社八千代電工 | 景気に左右されない安定企業☆★風通しGOODで定着率95％！★☆,光を演出する★【総合職(配線取付アシスタント・現場サポート)】 正社員
133,株式会社PEO | 【東証一部上場アウトソーシンググループ】年3回の長期休暇あり,トヨタ自動車で活躍【製造スタッフ】日給月給27.7万~★賞与年2回 正社員
134,住友不動産株式会社 | 転勤なし/6ヶ月の研修と現場配属後のフォローアップあり！,【注文住宅営業】営業経験者募集/平均年収760万円！※研修あり 正社員
135,アウトソーシンググループ合同募集 | ★東証一部上場グループ／実家を出たい人も安心♪,月収例32万（23歳/年休121日）【生産ラインスタッフ】(株)PEO 正社員
136,株式会社ホンダカーズ中央佐賀 | 《 佐賀からの転勤なし 》借上社宅/積立有給休暇/社割など充実☆,《 完全人柄採用 》安定した生活水準を送ろう！【 営業 】 正社員
137,株式会社マイプレイス | 東証二部上場「株式会社あかつき本社」グループ企業の安定基盤,中古マンションの【仕入れ営業】未経験OK／インセンティブ年4回 正社員
138,株式会社あひるコンサルティング | 業界未経験者も活躍できる、残業も少なめで働きやすい環境です,"人気住宅ローン""フラット35""の【 ルート営業 】高収入も目指せる 正社員"
139,株式会社　奉仕社,マシン＆ツール【営業スタッフ】 正社員
140,株式会社あきんどスシロー | 東証一部上場グループ／店長の平均年収約719万円＆賞与年2回,頑張りが報われるから、楽しい！理想を叶える【店舗運営総合職】 正社員
141,アウトソーシンググループ合同募集 | ★東証一部上場グループ／UIターン歓迎♪,年間休日160、180日も♪【製造業務】(株)アウトソーシング 正社員
142,朝日土地建物株式会社 | 【未経験スタート多数！20代活躍中】★1000万円プレイヤー続出！,100%反響！特別賞与年4回！【不動産営業】★未経験歓迎/研修充実 正社員
143,"サングローブ株式会社 | ★創業7期目で15,000社と直取引★年休130日/土日祝休み/残業ゼロ",足痛くない？オフィス&スニーカーで年収1000万円可【内勤営業】 正社員
144,株式会社PGSホーム | 月給40万円スタート！＆転勤なし【大阪府緊急雇用対策に賛同】,★未経験者歓迎★【アポインター営業】リサーチャー(市場調査) 正社員
145,UTエイム株式会社 | 大阪府緊急雇用対策に賛同【東証一部上場グループ】★WEB面接OK,【資材管理スタッフ】★月収42万円も可能＆そこそこ休める環境！ 正社員
146,UTエイム株式会社 | 【東証1部上場グループ】高収入も目指せます！,半導体装置の【点検/保守】未経験歓迎★東北/東海/九州/関西限定 正社員
147,UTエイム株式会社 | 【超スピード選考】最短当日面談＆当日採用(規定有)！,【サポートスタッフ(データ管理・部品手配等)】★未経験歓迎 正社員
148,医療法人社団謙翠会 | 小田原レディスクリニック【産科・婦人科・不妊治療クリニック】,【総合職（助産師・看護師・胚培養士）】★美容形成外科スタート 正社員
149,住友不動産販売株式会社 | 【東証一部上場住友不動産グループ】,【不動産売買仲介営業】◇営業職の半数以上が年収800万円超 正社員
150,株式会社PGSホーム | 入社祝金最大138万円支給！【大阪府緊急雇用対策に賛同】,月給40万円スタート！残業＆転勤は原則無し！【 営業総合職 】 正社員
151,株式会社PGSホーム | 入社祝金最大138万！残業ほぼ無し【大阪府緊急雇用対策に賛同】,☆月給40万円～☆40代未経験活躍中！【リフォーム訪問販売営業】 正社員
152,UTエイム株式会社 | 【東証一部上場グループ】★WEB面接OK／スピード入社も可能,通勤ストレスから解放♪【製造管理事務スタッフ】★未経験歓迎 正社員
153,UTエイム株式会社 | 【東証一部上場グループ】★普段着での面談でOK,無理のない環境で働く！【ピッキング・仕分け】★土日休みも可能 正社員
154,UTエイム株式会社 | 【東証一部上場グループ】安定基盤！,貯金UPを目指せる！【機械操作スタッフ】★月収42万円以上可能 正社員
155,株式会社エクストリンク | 入社半年後の平均月収43万円【大阪府緊急雇用対策に賛同】,"＼年収1,000万円も夢じゃない！／IT商材を扱う【ルート営業】 正社員"
156,株式会社エンリード不動産 | 前年比400%成長のスタートアップ | ★完全週休2日★年休120日~,未経験・第二新卒歓迎！リノベーションを手掛ける【不動産営業】 正社員
157,住友不動産株式会社 | 【東証一部上場】★全領域で業界トップクラス！平均年収710万円,総合デベロッパー！住友不動産の【建築スペシャリスト】 正社員
158,"住友不動産株式会社 | 【東証一部上場】★転勤なし ★5人に1人が年収1,000万円以上！",未経験から家づくりのプロに！【注文住宅営業】◆平均年収760万 正社員
159,株式会社タウン住宅販売 | 設立40年以上｜長く安定的に働ける制度充実｜年収700万円以上可,【営業職】未経験歓迎！平均残業時間10h/ゼロから学べる大手環境 正社員
160,株式会社グッドワークコミュニケーションズ | 1年目の平均月給36万円／研修2ヵ月／基本定時退社／年休120日,【営業職】◆1年目から高収入◆平均年齢27歳◆未経験入社95％ 正社員
161,株式会社アイネスト | #夏季休暇9連休＆年末年始休暇17連休 #有給取得率100%,「作品」と呼ぶにふさわしい邸宅をプロデュースする【用地仕入】 正社員
162,DSP株式会社 | <大阪府緊急雇用対策に賛同>【完全週休2日】【産休育休実績有】,未経験OK！集客を支援する【法人営業】★土日祝休★残業ほぼなし 正社員
163,ジャパニアス株式会社 | ◇大手中心◇未経験OK◇時間外100％支給◇転勤なし◇年休125日,【モノづくりエンジニア】★200社以上と取引実績★22年黒字経営 正社員
164,シーズクリエイト株式会社 | <上場企業>★年収1500万円以上も可能★条件合う方全員と面接！,未経験OK！【マンション企画開発】★残業月20h以下★土日休み 正社員
165,ジャパニアス株式会社 | 【全国11拠点展開】◆有給消化70％◆テレワーク約7割◆土日祝休,22年連続黒字！大手案件多数【インフラエンジニア】★年休125日 正社員
166,ジャパニアス株式会社 | 全国11拠点展開◇全国募集で転勤なし◇有給消化70％◇残業月20H,【ITエンジニア(ミドルウェア・パッケージ)】★テレワーク約7割 正社員
167,株式会社エンパワー | 買取専門店「大吉」｜研修充実｜月休日最大12日｜基本定時退社,【店舗スタッフ】#安定基盤#柔軟な働き方#年収1000万以上稼げる 正社員
168,アイアール株式会社 | ★完全週休2日制（土日祝） ★年間休日125日 ★超充実の福利厚生,休める！稼げる！楽しめる♪【施工管理アシスタント】★未経験OK 正社員
169,ジャパニアス株式会社 | 日本ディープラーニング協会加盟◇残業月20H程◇テレワーク約7割,AIに特化！【AIエンジニア】基礎研究／画像解析／物体検知など 正社員
170,株式会社クラシアン | 転勤なし★景気に左右されず依頼件数が増加中！,CMでもお馴染み！社員のくらしも安心♪【業務スタッフ】未経験OK 正社員
171,株式会社修優舘 | あなたの経験と能力を満足のいく給与に変えてみませんか？,＼2人に1人が年収700万円超／最新CM公開中【講師・教室運営】 正社員
172,東京エムケイ株式会社 | ハイヤー月収実績119.8万円※2021年8月度支給実績/男性育休実績,年収1000万円も可能！【高級車ハイヤーのドライバー】※高卒以上 正社員
173,"洛陽交運株式会社 | ヤサカグループ／月額17,000円～即入寮できる社宅あり！",京都での新スタートを応援【タクシードライバー】年休120日以上 正社員
174,小林住宅株式会社 | 【創建グループ】創業75年の安定企業／大阪府緊急雇用対策に賛同,オリジナル注文住宅の【提案営業】100％反響型！◎経験者優遇 正社員
175,株式会社テイクス | 【新宿事業所】20年連続増収増益！上場企業グループ会社,【ITエンジニア】やりたい仕事、みつかる！Web面接可！高卒以上 正社員
176,株式会社えがお | 新営業所OPENにつき大募集/未経験歓迎/入社支度金10万円～支給,リユース×コンサル=業界に革命を！【提案営業】★平均年収788万 正社員
177,株式会社テイクス | 【本社】個性・長所を伸ばす風土！上場企業グループ会社,【ITエンジニア】積極採用ついにスタート！Web面接可！学歴不問 正社員
178,ジャパニアス株式会社 | 【全国に11拠点展開】◆転勤なし◆残業代100％支給◆在宅勤務有,やりたいが叶う！【SE】★全国募集★自社内開発あり★残業月20H 正社員
179,株式会社クラシアン | 【転勤なし】日本全国に展開中！好きな街で働ける！◆月9日休み,きちんと稼げる【メンテナンススタッフ】※高い技術が身につく！ 正社員
180,株式会社Reazista | リリース2年で加盟店舗7万店以上！急成長企業の直販メンバー募集,フードデリバリー＆テイクアウトアプリ『menu』の【提案営業】 契約社員
181,"株式会社山王 | 《商品説明》で《年収1,000万円》！★だから未経験活躍中★",週休2日制&年間休日117日【PRスタッフ】※福岡・鹿児島募集 正社員
182,株式会社フジナガ | 業界トップクラスシェア！ヨーロッパ・アジアなどにも拠点あり,地域環境に貢献する【提案営業】完全週休2日制／未経験歓迎 正社員
183,株式会社ミュゼプラチナム | ★週休3日もOK★コスメ社割あり＆美容脱毛0円★月収29万円も可,【受付カウンセラー】未経験OK★高卒以上★年齢不問★賞与年4回 正社員
184,株式会社ＫＯＧＡＯ | ★芸能人も多数来店 ★メディアで話題のSpeed小顔,【店舗スタッフ(受付等)】★原則定時退社 ★即月給30万円も可能 正社員
185,株式会社テクトン | WEB面接可／20代・30代活躍中／年間休日125日／土日祝休み,【人材営業＆コーディネーター】専門スキルを磨ける営業職！ 正社員
186,住宅セレクション株式会社 | 《引越費用半額負担有！全国から神奈川湘南で働きたい方大歓迎》,働きやすいのに稼げる！完全反響型の【不動産営業】★完休2日制 正社員
187,Rセキュリティ株式会社 | 20年連続増収増益◆2020年2～5月は売上前年比”125％以上”,"未経験から""鍵のレスキュー""を担うエキスパートに！【錠前技師】 正社員"
188,ディーピーティー株式会社 | ＼創業以来、無借金経営を継続中／◎直近5年で、売上250％UP！,【ITエンジニア】*未経験歓迎 *個別の研修・カリキュラムを用意 正社員
189,ロイヤルハウジング株式会社 | 【創業47年ロイヤルグループ】昨対比売上150％以上！売上絶好調,高収入を目指せる【売買仲介営業】★業績賞与年3回★100％反響 正社員
190,株式会社EPARKリラク＆エステ | 残業少なめ◆完全週休2日制◆年間休日124日◆産休育休の実績あり,美容サービスの【アドバイザー】☆月給25万円～☆未経験歓迎 正社員
191,日東電工株式会社 | 残業少なめ＊昇給年3回【大阪府緊急雇用対策に賛同】,【公共施設の電気工事施工管理】＊33年連続黒字＊月給40万円～ 正社員
192,大和総合住設株式会社 | 賞与年4回支給！正当な評価制度アリ★月収200万円も目指せます,完全週休2日制(日・月)&ゆっくり13時出社♪【提案営業】福岡勤務 正社員
193,株式会社吉安建設 | ＜マイナビ初掲載／レア求人＞＜UIターン歓迎＞＜大正5年創業＞,【施工管理(土木/建築)】★昇給年2回 ★賞与年3回 ★月給28万円~ 正社員
194,株式会社オープンハウス | 東証一部上場◆20代の管理職率76％◆年4回昇給&昇格のチャンス有,【総合職】人事/提案営業◆未経験歓迎◆20代の若手が活躍中 正社員
195,株式会社パーフェクション | ★毎月昇給のチャンス★【残業なし／ノルマなし】福利厚生抜群,★オープニング募集★高収入&キャリアアップが可能！【調査職】 正社員
196,株式会社神美 | 女性専門のセルライトケア『THE PERFECT LINE』を全国に展開！,【エステティシャン】*女性活躍中*完全週休2日*年休120日 正社員
197,有限会社竹内工業 | 高い技術力が自慢のプロ集団《 有資格者は月給40万円も可能！ 》,【 技術スタッフ 】★未経験OK／賞与年3回(実績4～7ヶ月！) 正社員
198,エフエルシープレミアム株式会社 | 【大阪府緊急雇用対策に賛同】東証二部上場企業のグループ！,【総合職(営業・内勤営業・販売・企画)】★未経験者歓迎！ 正社員
199,株式会社アサンテ | <東証一部上場>★創業50年&国内売上No.1の安定基盤★未経験OK,年齢&志望動機不問！【営業】★手取月50万～も可能★賞与4ヵ月分 正社員
200,アートバンライン株式会社 | 大手企業と多数取引で業績好調★売上295億円を誇る安定企業,【大型(10t)ドライバー】★面接1回★無理のない配車調整で負担少 正社員
201,株式会社スギヤマ | ★東証一部上場！全国700店舗を展開する『ハウスドゥ！』加盟店,地域密着★完全反響型・ノルマなし！未経験でも安心の【営業】 正社員
202,株式会社誠進堂 | 売上昨対比170％UP/完全週休2日/平均月収40万円(入社1年目営業),お客様にも自分にも「誠実」になれる【営業】※残業なし 正社員
203,アミフィアブル株式会社 | 高知ユナイテッドSCの運営を支援 | ★残業月平均20h★年休120日~,上流から携わりスピーディーに成長できる【SE・PL】★土日祝休み 正社員
204,アートバンライン株式会社 | 大手企業と多数取引で業績好調★月8～9日休み★土日休みも可,【中型(4t)トラックドライバー】面接1回★転勤なし！安定性◎ 正社員
205,株式会社H.I.T WORLD | ＼未経験歓迎／ まかない無料・年10日間のリフレッシュ休暇も◎,キャリアも働きやすさも両立！つけ麺『つじ田』の【店舗運営職】 正社員
206,"株式会社フレックス | 八尾,東大阪,大東,吹田募集/転勤なし/大阪府緊急雇用対策に賛同",大阪ガスグループで働く【ライフアドバイザー】※土日祝休み！ 正社員
207,アートバンライン株式会社 | 大手企業と多数取引で業績好調★月8～9日休み土日休みも可,【小型(2t)トラックドライバー】★面接1回★高定着率★[未]歓迎 正社員
208,株式会社Freedoming | ★20代8割・30代2割のITベンチャー！スキルチェンジ・在宅勤務OK,※掲載終了間近※【ITエンジニア】案件5000以上◎定着率100％ 正社員
209,株式会社ネクステージ | ◎東証・名証一部上場 ◎土日祝休も可 ◎平均年収740万円,店舗型営業【カーアドバイザー】★地域限定職採用 ★転勤ナシ 正社員
210,"株式会社サンワハウス | ""もしも""に備える製品でニーズ拡大！業績好調だから高収入も叶う",未経験歓迎【 広報スタッフ 】★完全週休2日／年収500万円も可能 正社員
211,有限会社ダイイチ機設工業 | 未経験でも、学歴に自信がなくても高収入を目指せます！,未経験歓迎【 取付スタッフ 】年2回のボーナスで平均180万円支給 正社員
212,"株式会社ゴールドファステート | 【社員の平均年収は1,000万円超え】※大阪府緊急雇用対策に賛同",”稼ぐチカラ”を身につけたい方歓迎！【コンサルティング営業】 正社員
213,株式会社ネクステージ | ◎東証・名証一部上場 ◎土日祝休も可 ◎未経験から稼げる仕組み,店舗型営業【カーアドバイザー】★全国採用/月収150万円目指せる 正社員
214,株式会社メディカルネット | 【東証マザーズ上場】★年間休日125日以上★土日祝休み,会社のコアになる新事業！歯科医院の【開業支援コンサルタント】 正社員
215,株式会社ブロードウェイ | 【安定成長を継続中】年休120日以上★賞与年3回★WEB面接実施中,面接確約！20代の仲間と成長！【企画提案営業】★月給26万円以上 正社員
216,株式会社ディー・アール・シー | 建設業界に特化したBPOサービスを提供《Web面接実施中!!》,【人材コーディネーター】◆月給27万円◆賞与年4回◆残業20h 正社員
217,光電気工事株式会社 | 『年休120日～×最高の仲間×新社屋勤務』★年収700万も目指せる,＼経験者高待遇！未経験者歓迎／【総合職(施工管理・電気工事)】 正社員
218,株式会社京栄センター | 《名古屋・東京・大阪・京都・福岡での募集》◆平均年齢27.5歳,未経験OK！自分が成長できるステージへ【人材コーディネーター】 正社員
219,株式会社日光ホーム | 提案機会が多い！『売れる仕組み』が整っているから安心！,人気芸人を起用したCMで知名度抜群【反響営業】★平均月収100万 正社員
220,株式会社エージェントゲート | 化粧品メーカー等と取引/産育休取得＆復帰100％/残業基本なし,シフト制・夜勤の働き方を変えよう*年休130日【ITヘルプデスク】 正社員
221,株式会社エージェントゲート | 直近も増益の安定基盤/残業基本なし/リモート勤務も実施中です,年休130日！IT未経験OK！安定の手に職をプラス【IT事務】 正社員
222,株式会社エージェントゲート | 大手プライム多数/前職以上の給与最大限保証/リモート勤務有,常時1600件！技術を極めるも上流も、希望実現【SE・PG】 正社員
223,株式会社杉並モータース | ★残業代100%支給★有休取得率ほぼ100％ ★Web面接OK★日勤勤務,未経験歓迎♪平均月収45万円！【ロードサービス】※育成枠採用 正社員
224,株式会社サンテック | 【圧倒的安定感】業界大手×インフラ事業／コロナ禍でも業績好調,割り振られた案件をこなして月収50万円超【家電修理スタッフ】 業務委託
225,株式会社ロジカル | 面接1回で内定★高収入を見込める新制度も！★コロナ禍でも安定,【ルート営業】前職から10万円以上、給与がUPしたスタッフも！ 正社員
226,株式会社タングラム | 20代の若手活躍中★高インセンで年収1000万円も可能｜経験者優遇,賞与年4回★未経験OK【不動産営業】*月給30万円*平均年収700万円 正社員
227,株式会社ロジカル | 面接1回で内定★高収入を見込める新制度も！★コロナ禍でも安定,土日休みで家族との時間をしっかり過ごせる【ルートサービス】 正社員
228,株式会社D・R・M | ★年休120日以上★産育休実績あり★女性ものびのび活躍中の職場,未経験・業界知識ゼロでも活躍!【不動産営業(法人)】土日祝休み 正社員
229,株式会社テクノプロ・コンストラクション | 優良福利厚生法人認定／土日祝休み／大阪府緊急雇用対策に賛同,東証一部上場グループで活躍する 【プロジェクト管理】年休118日 正社員
230,春電株式会社 | 選べる完全週休2日｜前職給与考慮！｜出張・夜間なし,【電気施工管理】※電気工事経験のみでも歓迎！土日休みも選択可 正社員
231,リベル株式会社 | ★急成長中の不動産ベンチャー ★面接1回 ★高率インセンティブ,【不動産営業】★未経験歓迎 ★残業少なめ ★20代中心に活躍中 正社員
232,株式会社AZism | 【横浜家系ラーメン 大和家／田田】業績好調★転居伴う転勤無し,【店舗スタッフ】月給26万円以上◆引越手当あり！上京希望者も◎ 正社員
233,株式会社日本セレモニー | コロナ禍でも黒字経営★典礼会館やFIVESTAR WEDDINGを運営！,【セレモニープランナー】働きやすい環境＆充実の研修をご用意！ 正社員
234,株式会社三鋭システム | 特許技術の独自システムが強力アシスト★最大20万円赴任補助！,【IT人材コーディネーター】★未経験OK ★残業ほぼナシ＆土日休 正社員
235,株式会社ミックウェア | ★ホンダやトヨタのパートナーとして最先端技術を駆使！,働き方が選べる【ITエンジニア】大量採用!中途入社が多数活躍中! 正社員
236,JCSロジスコ株式会社 | ◆電話・Web面接も可能／翌日振込・前払いもOK／勤務地自由！◆,【宅配ドライバー】平均日当3万円/すぐ就業可 ※正社員登用あり 業務委託
237,株式会社ジーアフター | 転勤なし・ご希望地域で働ける♪年120日休み＆年3回の5連休取得,事務未経験や車に詳しくなくてもOK【事務】月23万円～＋賞与2回 正社員
238,株式会社サーバントップ | ★直行直帰OK★インセン賞与年2回｜大阪府緊急雇用対策に賛同,既存顧客への【営業】※未経験でも成約率80％＋月給35万円保証 正社員
239,FUJINO HOUSE ENGINEERING株式会社 | #大阪府緊急雇用対策に賛同【面接確約】応募者100％面接します！,月給27万円～！残業なし【取り付けスタッフ】未経験歓迎 正社員
240,KUROFUNE＆PARTNERS株式会社 | #入社1年目全員が年収500万円以上の実績 #社用車支給 #転勤なし,【営業】#未経験歓迎 #月給30万円スタート #車通勤OK #全国募集 正社員
241,KUROFUNE＆PARTNERS株式会社 | #入社1年目全員が未経験で年収500万円以上の実績 #金沢限定募集,【買取査定スタッフ】#未経験歓迎 #オープニングスタッフ募集 正社員
242,KUROFUNE＆PARTNERS株式会社 | ★2020年7月 札幌NEW営業所開設★ ☆オープニングスタッフ募集☆,#未経験歓迎 #月給30万円～ #車通勤OK #札幌限定募集【営業】 正社員
243,東日本住宅株式会社 | <50期連続で黒字経営の成長企業＆新店OPEN予定>★未経験者歓迎,ニーズ拡大！UR(公団)・公社住宅等の【営業】★1週間以内で内定 正社員
244,株式会社ドリームホーム | AVANTIAグループ/京都屈指の業績/創業12年目で売上高170億円突破,完全反響対応の【不動産営業職】★ノルマ一切なし 正社員
245,関西不動産販売株式会社 | 16期連続で増収増益中｜固定給25万円を最低保証｜随時昇給あり,年間ボーナス1000万円の支給実績多数【不動産営業】業界未経験OK 正社員
246,株式会社ナチュレカード | 〈 建物検査事業 〉◎時間・場所、休み、収入が自由自在！,副業やWワークとしてもOK！【 建物検査員 】40代～60代も活躍中 業務委託
247,株式会社ILLEST PLUS | 各業界の大手企業と取引あり／土日祝休み／年間休日120日以上,幅広い視点で、Webマーケティングを支援【企画営業】未経験もOK 正社員
248,株式会社未来図建設 | ■基本土日祝休み ■10年以上の社員も多数活躍中 ■賞与年3回,”家族に誇れる街づくりをあなたの手で”【営業】※福岡限定募集 正社員
249,社会福祉法人ひまわり会 | 賞与年3回（4.8ヵ月分：前年実績）・産育休取得＆復帰実績も多数,日祝固定休＆業界屈指の高待遇も魅力！【保育スタッフ】 正社員
250,株式会社未来図建設 | 【創業120周年の老舗企業】■転勤なし ■月給35万円～,【 営業 】※仙台営業所・幹部候補募集／厚待遇をご用意 正社員
251,株式会社ムラカミ | ◆業績好調◆転勤なし、香川でずっと働ける◆寮あり,残業ほぼなし◎お客様は香川県内の【ルート営業】※未経験歓迎 正社員
252,株式会社カナクラ | #家族葬に特化#業績好調#高松市内中心#高松の成長中企業,完全週休2日制◎1年目で月収30万円が可能な【内勤営業スタッフ】 正社員
253,関西不動産販売株式会社 | 16期連続で増収増益｜北摂エリアにてトップクラスの知名度＆実績,圧倒的な反響＝高収入を実現！【リフォーム営業】※業界未経験OK 正社員
254,UTエイム株式会社 | 【東証一部上場グループ】★シンプルワーク中心！,年休最大186日！電子機器の【組立・設備メンテナンス】熊本限定 正社員
255,日本交通横浜株式会社 | 11年連続売上No.1*の日本交通グループ☆入社準備金30万円支給！,【EXドライバー(VIP・ハイヤー送迎)】ミドル活躍中／年収790万可 正社員
256,UTエイム株式会社 | 【東証一部上場グループ】社宅費全額補助→貯金も貯まりやすい！,【組立・検査】入社祝金10万円！月収30万円も可※九州エリア限定 正社員
257,UTエイム株式会社 | 【東証一部上場グループ】社宅費全額補助→貯金も貯まりやすい！,入社祝金20万円＆月収42万円【組立/加工スタッフ】※愛知限定 正社員
258,UTエイム株式会社 | 【東証一部上場グループ】社宅費全額補助→貯金も貯まりやすい！,定着支援金最大90万円！【組立/加工スタッフ】※山口/福岡限定 正社員
259,UTエイム株式会社 | 【東証一部上場グループ】完全週休二日制(土日)／更新手当48万円,入社祝い金17万円【組立/加工スタッフ】★関東限定 正社員
260,株式会社STAYGOLD | 月収30万も可/完全週休2日制/未経験もOK/転勤なし/面接保証あり,大阪積極採用★Supreme/LOUIS VUITTON等の【バイヤー・販売職】 正社員
261,株式会社東名 | 東証・名証一部上場企業／残業少なめ／産休・育休取得実績あり！,未経験からオフィスワークデビュー★100％反響【内勤営業】 正社員
262,UTエイム株式会社 | 【東証一部上場グループ】社宅費全額補助→貯金も貯まりやすい！,【バイクの製造スタッフ】★土日休＆年休121日／社宅費全額補助 正社員
263,大和ハウジング株式会社 | 《20～30代活躍中》未経験入社の先輩が2年で年収900万円に！,稼げて楽しいから、快適に働ける【提案スタッフ(賃貸・売買)】 正社員
264,株式会社ＺＵＮＤ | ★姫路から世界へ！宇宙一のラーメン屋を目指すための増員募集★,『ラー麺ずんどう屋』のスープや麺をつくる【製造スタッフ】 正社員
265,株式会社レーベンゼストック | 東証一部上場グループ★宅建保有者大歓迎★残業少なめ★土日休み,【営業】★土日休み＼未経験OK！「買い取る」営業にチャレンジ／ 正社員
266,株式会社マイナビM&A | マイナビグループの信頼を活かして、事業承継問題を解決！,安定基盤で成長できる【M＆Aコンサルタント】金融経験者が活躍中 正社員
267,株式会社アイダ設計 | テレビCMでお馴染みの企業！成長が止まらないハウスメーカー★,将来は各店舗の責任者として活躍！注文住宅の【建築設計】 正社員
268,更埴シャーリング株式会社 | 国立競技場の一部にも携わっています◆賞与年3回◆未経験大歓迎,＼モノづくりの楽しさを味わおう！／【製造スタッフ】★土日休み 正社員
269,日本交通横浜株式会社 | 11年連続売上No.1*の日本交通グループ☆入社準備金30万円支給！,【ホスピタリティドライバー】女性・ミドル活躍中／年収790万可 正社員
270,株式会社relation | 【大阪府緊急雇用対策に賛同】#自社内開発 #定着率95％以上,【SE・PG】希望が叶う理想のエンジニア像へ★年収1000万円も可★ 正社員
271,株式会社クレス不動産 | 反響営業だから、未経験でもムリなく稼げる＊,《多くの先輩が未経験スタート！》新築住宅の【不動産営業】 正社員
272,ME不動産埼京株式会社 | 【埼玉TOPクラスの実績】＊残業ほぼナシ＊若手活躍中,◎過去最高益◎住まいの【提案営業】★年休120日↑★[未]歓迎 正社員
273,フォーザウィン株式会社 | ＜有休消化率100%／残業月平均15時間以下／年間休日125日＞,【設計エンジニア（機械/CAD）】◆前給以上保証 ◆愛知限定募集 正社員
274,株式会社アイタン | ★創業から21年連続売上UP★賞与年2回＋臨時賞与（4年連続支給）,消防設備の【法定点検スタッフ】月給30万円以上／未経験歓迎☆ 正社員
275,株式会社キョウシン | 大阪府緊急雇用対策に賛同 ★完全週休2日！残業月平均5時間！,働きやすさと安定高収入、どちらも叶えられる【賃貸営業】 正社員
276,株式会社HiiizL | 【 設立以来8期連続黒字経営 】教育評価制度充実/入社祝い金あり,【イベントPR・営業】政府推奨アワード受賞／完全週休2日制 正社員
277,株式会社ZEROBASE | ノルマ・飛びこみ・テレアポなし★中途入社100％★年休120日,100％反響型の【不動産営業】★月30万～★残業ほぼなし＆完休2日 正社員
278,株式会社九州エネコ | 年休120日以上/完休2日制/転勤なし/社員寮あり/平均月収70万円,"『年収1,000万円』は通過点。【エコプランナー】※学歴一切不問 正社員"
279,アウトソーシンググループ合同募集 | ★東証一部上場グループ／特別賞与17万円♪社員紹介制度あり♪,精皆勤手当最大4万支給♪湘南勤務♪【製造オペレーター】(株)PEO 正社員
280,株式会社フカケン | <社員想いの温かい会社>★未経験者・経験者ともに歓迎！,元請け＆大手飲食店の【内装施工管理】★週休2日★月給80万も可 正社員
281,株式会社南州ホーム | ◆地域密着型の不動産会社 ◆3年連続売上UP ◆プライベート充実,不動産の【仕入れ営業】◆完全週休2日制＆基本残業ナシ◆ 正社員
282,アウトソーシンググループ合同募集 | ★東証一部上場グループ／特別賞与50万円♪1年目月収例31万円♪,応募1週間後の入社可能♪【製造スタッフ】岡崎市／(株)PEO 正社員
283,アウトソーシンググループ合同募集 | ★東証一部上場グループ／出勤して次の日には給与振り込みもOK♪,年休160日♪【東芝グループの製造管理】(株)アウトソーシング 正社員
284,株式会社酒井鉄工所 | 【大阪府緊急雇用対策に賛同】年収700万円以上も目指せる！,未経験OK【メンテナンススタッフ】★賞与年4.5ヶ月分/年休125日 正社員
285,株式会社Good Luck | 【業績好調につきオフィスも拡大！】未経験歓迎／男性活躍中,専門知識不要☆【建築設計プランナー】月給25万円～★年休120日 正社員
286,アウトソーシンググループ合同募集 | ★東証一部上場グループ／社宅費＆赴任旅費負担／福利厚生充実！,特別賞与80万／土日休【日産自動車九州の製造スタッフ】(株)PEO 正社員
287,株式会社メイズ | ☆賞与年3回☆完全週休2日制☆1週間以上の長期休暇×年2回,年休120日以上！未経験～経験者まで幅広く募集！【法人営業】 正社員
288,株式会社モトーレン福島 | 《福島県内唯一のBMW／MINI正規ディーラー》★インセンティブ有,福島限定募集！【セールスコンサルタント】◎20～30代活躍中！ 正社員
289,アウトソーシンググループ合同募集 | ★東証一部上場グループ／土日休&年休121日、23歳月収例33万円,お友達紹介で10万円支給♪【軽作業スタッフ】鈴鹿市／(株)PEO 正社員
290,株式会社EF | ★10月1日より「堺筋本町」スグのオフィスに移転！★未経験歓迎,企業の地名度＆売上UPに貢献！【営業】社員平均月収50～60万円！ 正社員
291,株式会社H.T.M | ＃独立支援＃20代未経験活躍中＃完全週休2日制＃インセンティブ,【営業】人生を180度変えてみませんか？／月収50万円可！ 正社員
292,株式会社ソルエナジー | 未経験OK｜月給28万円以上｜残業ほぼナシ｜週休2日制(土日),太陽光発電・蓄電池・LED照明の【反響営業】 正社員
293,株式会社ユタカホーム | 創業46年の安定企業★年間休日120日★土日祝休み★基本定時退社,自社Webサイトをトータルに手掛ける！【Webディレクター】 正社員
294,株式会社ゼンワシーケンス | ■完全週休2日制 ■年収1000万円も実現可能 ■転勤なし,今だから稼ごう！周りと差がつく、満足の収入を。【 営業 】 正社員
295,アウトソーシンググループ合同募集 | ★東証一部上場グループ／ワンルーム社宅無料（家具家電付き♪）,月収35万＆年収530万円も可！(土日休)【製造サポート】(株)PEO 正社員
296,株式会社AOA | 【大阪府緊急雇用対策に賛同】平均年齢27歳◎2部も同時募集★,踏み出せ！よじ登ろう！高収入への道★稼げる【広告プランナー】 正社員
297,アウトソーシンググループ合同募集 | ★東証一部上場グループ／赴任旅費負担／福利厚生充実！,友達同士の応募OK♪【トヨタ自動車九州の製造サポート】(株)PEO 正社員
298,株式会社Ｂ・Ｂカンパニー | ★年間休日120日以上★完全週休2日制（土日）★賞与年4回,【訪問営業】ニーズの高い商材で年収増！目指せ初年度700万円！ 正社員
299,株式会社Select | 【中途入社・初募集！】★神奈川県内・反響ランキング1位の会社,「稼ぎたい」×「働きやすい」が叶う！【賃貸営業スタッフ】 正社員
300,株式会社スペイスエイジ | 大手企業との直取引で50年超◆盤石な経営基盤を確立,プロモーションの【営業】★土日休み/賞与年2回/残業15H以内 正社員
301,株式会社キャリアサービス | 【年休125日以上】【産休育休実績あり】★20代・30代活躍中！,未経験月給35万保証！【人材コーディネーター】高卒以上 正社員
302,株式会社レジット | 月給37万円も可能！/ 資格支援制度 / 服装・ヘアスタイル自由,【Webデザイナー】★年収800万円も実現できる★フレックス制 正社員
303,株式会社浜寺ガスセンター | 【大阪府緊急雇用対策に賛同】年収平均550万円/既婚率70％,水回りなどの【総合職(リフォーム営業/修理)】※賞与増加！ 正社員
304,株式会社京進 | 東証二部上場,"【学習塾教室長】独立を目指し、教室長として""経営""を学べる！ 契約社員"
305,株式会社日本経済物流 | 軽貨物を中心とした物流事業を展開,貨物の配送を適切なドライバーに割り当てる【コーディネーター】 正社員
306,株式会社賃貸ステーション | 【10店舗同時募集】第二新卒歓迎★豊富な連休制度★新店舗OPEN,100%反響【不動産営業】★未経験歓迎 ★20代活躍中＼地域密着／ 正社員
307,セットライフエージェンシー株式会社 | ★社員を大事にする会社 ★年収例：入社1年目／23歳／800万円,経験ゼロから真のコンサルを学べる【営業】※未経験OK 正社員
308,ナップ賃貸保証株式会社 | ◎残業少なめ◎20～30代活躍中◎3期連続売上UPの成長企業！,【顧客管理】全国で積極採用中！年休125日／20代中心に活躍中！ 正社員
309,アウトソーシンググループ合同募集 | ★東証一部上場グループ／社宅費＆赴任旅費負担／福利厚生充実！,2年目年収490万以上可能♪【トヨタ車体製造スタッフ】(株)PEO 正社員
310,UTコミュニティ株式会社 | <東証一部上場グループ>年休128日★社宅費全額補助エリア多数！,【サポートスタッフ(PC入力・検品等)】未経験で月収34万円以上可 正社員
311,日本建物株式会社 | 名古屋支店3年ぶりに募集/新人研修・社宅複数あり/平均年齢32歳,レア求人！ノルマなし／定時退社確約【不動産営業】 正社員
312,アウトソーシンググループ合同募集 | ★東証一部上場グループ／赴任旅費支給・給与前払いもOK♪,特別賞与60万円♪【ダイハツ九州のサポートスタッフ】(株)PEO 正社員
313,株式会社ヨドバシカメラ | 業界異例の正社員比率96.4% ★福利厚生も大手ならでは！,ヨドバシを縁の下で支える【物流総合職】★第二新卒・未経験歓迎 正社員
314,株式会社データワンテクノロジー | 【業績好調】★10月に「浅草橋駅」スグの新オフィスに移転,【ITエンジニア】＊定着率90％ ＊土日祝休み ＊支援も手厚い 正社員
315,株式会社シンヨー運輸 | 不況知らず・売上好調の食品輸送！全額会社負担で免許取得を支援,未経験OK【ルート配送】◎入社半年で月収40万円も可能 正社員
316,ウィンクルム株式会社 | 未経験でも月給25万円以上＋インセンティブ／完全土日休み,フードデリバリーサービスの【提案営業】※土日祝休／月給25万円 正社員
317,株式会社エス・エル・エス福岡 | 総合レジャーサービスグループ(九州全県、広島県に35店舗展開),未経験OK【経営戦略・企画】店舗開発や経営まで幅広く経験できる 正社員
318,ウィンクルム株式会社 | 土日祝日休み ★月給25万円以上＋インセンティブ ★平均年齢27歳,スマホ決済サービスの【提案営業】※土日祝休み／未経験歓迎！ 正社員
319,株式会社ガイア | 月給25万円以上！培ってきた豊富な経験を活かしませんか？,大規模プロジェクト多数【開発許認可・土木設計コンサルタント】 正社員
320,株式会社日本住宅販売 | 【大阪府緊急雇用対策に賛同】★増員募集★人物重視の採用です！,未経験歓迎！既存のお客様への【フォロー営業】週休2日/転勤なし 正社員
321,株式会社エール | 10月23日(土)開催のマイナビ転職フェア福岡に出展＠JR九州ホール,街で見かける似顔絵看板の【営業職】※年収800万円超も可能！ 正社員
322,株式会社京進 | 東証二部上場,【学習塾経営】転職して社員に？いや、次のキャリアは独立だ！ FCオーナー
323,株式会社絆 | 【大阪府緊急雇用対策に賛同】★営業まったくの未経験でもOK！,入社1年目で月収50万可能な【買取営業】テレアポなし☆転勤なし 正社員
324,株式会社ファースト | 【人気の車種がズラリ！カスタムカー専門店】平均年収600万円～,【カーアドバイザー】残業ほぼなし/未経験1年目で月収45万円も可 正社員
325,株式会社平和地建 | 完全週休2日で連休も取得可。20代の若手メンバーが続々と入社中,あなたの成長を、社員全員でバックアップします！【 反響営業 】 正社員
326,UTエイム株式会社 | 【東証一部上場グループ】コロナ禍でも安定して成長中★,未経験歓迎【ものづくりスタッフ】志望動機不問★＜東日本限定＞ 正社員
327,UTエイム株式会社 | 【東証一部上場グループ】コロナ禍でも安定して成長中★,未経験歓迎【ものづくりスタッフ】志望動機不問★＜西日本限定＞ 正社員
328,Garrett Japan合同会社 | 【大人気ポップコーンのお店】★有給消化100％★正社員登用あり,【総合職(店舗管理・製造スタッフ)】★完全週休2日制★年休123日 契約社員
329,サンヨーリフォーム株式会社 | 東証一部上場サンヨーホームズグループ＊完全週休2日！,【リフォーム営業】多彩なインセンティブで稼げる／年休125日 正社員
330,有限会社大津冷凍工業 | 完全週休2日制／月収70万円も目指せる／ポストチャンス拡大中,【総合職（ルート営業・営業アシスタント）】※年休115日 正社員
331,ディライトホーム株式会社 | 理想を叶える家づくり／アメリカンスタイル等が人気を集め成長中,土日休・年休125日／仕入れ中心の【不動産企画営業】※新設部署 正社員
332,明和地所株式会社 | 《東証一部上場のマンションデベロッパー》初任地は希望確約,自社マンションブランド「CLIO」の【提案営業】★未経験OK！ 正社員
333,株式会社　日輪 | 世界有数のメガサプライヤーのDENSO勤務／完全週休2日制,職種未経験OK！【電装部品（半導体など）を中心とした製造業務】 正社員
334,セントレード証券株式会社 | 【2005年に設立した若き証券会社】★完全週休二日★平均年齢34歳,【資産運用コンサルティング】年休120日/昇格チャンス多数あり！ 正社員
335,株式会社プログランス | 新サービス展開中！◆完全週休2日(土日祝)◆有給申請取得率100%,自社WEBサービスの【法人営業】★賞与年3回＋インセンティブ有 正社員
336,株式会社津田 | 環境・リサイクル事業／SDGs推進★未経験でも月給22万円～♪,胸を張って誇れるシゴト！【法人営業】★転勤なし★UIターン歓迎 正社員
337,オーキット株式会社 | #実働7時間 #残業月平均20時間程度 #個人ではなくチームで評価,未経験者大歓迎！！【営業職】完全反響／正社員デビューOK 正社員
338,株式会社ストライクシステム | 関西エリアで年収700~900万円が叶う│大阪府緊急雇用対策に賛同,フリーダムな働き方で売上還元率90％！【SE・PG】前職給与保証 正社員
339,有限会社チャンス | 《千葉エリア中心の中古車販売店》ノルマなし／100%反響型,＼チャンス神栖店　【営業職】オープニングスタッフ募集中／ 正社員
340,井本刃物株式会社 | 創業約100年｜自衛隊や東京消防庁でも当社製品が使われています,未経験歓迎！人気上昇中のDIYツールを手掛ける【製造スタッフ】 正社員
341,アップワン株式会社 | 【IT × 課題解決】コロナ禍でも成長を続けるベンチャー企業,【営業アシスタント】100％内勤／高収入／月給25万円＋インセン 正社員
342,昭和ルーフリモ株式会社 | <大阪府堺市で積極採用中>リモートワーク推進★18～19時には退社,定着率の高さが自慢【やね工事のルート管理スタッフ】★未経験OK 正社員
343,株式会社UPSTART | 平均年齢25歳◆コロナでも安定成長！売上高約10億円,10代20代活躍☆免許不要◎未経験歓迎！月給30万【営業】学歴不問 正社員
344,富士交通株式会社 | ◆新築個室寮完備（寮費半年間無料！）◆年間休日120日以上！,【タクシードライバー】未経験者3ヶ月月給35万保証/月収60万可能 正社員
345,日本INGS株式会社 | 業績好調！売上は前年比の2倍／基本定時退社＆残業ほぼなし,年収1000万円以上も可能！【不動産営業】※土日祝休＆年休120日 正社員
346,株式会社ゲッコー | 連休取得、直行直帰可能！転勤なしで地元で働けます,材料や資材を運ぶ【技術系総合職】未経験でも月給28万～！ 正社員
347,ネクストレベル株式会社 | 超自由な営業／未経験歓迎／直行直帰／出社なし／リモートワーク,★リモートワーク可能な【提案営業】未経験でも年収1000万可★ 正社員
348,株式会社丸八ダイレクト | ◆名証二部上場「丸八グループ」◆WEB面接可◆報奨金・賞与年2回,【販売スタッフ】未経験でも月30万～可★嬉しい社宅有★学歴不問 正社員
349,株式会社エトスコーポレーション | 【大阪府緊急雇用対策に賛同】社員定着率90％で働きやすさ◎,【コンサルティング営業】未経験歓迎★月27万～／20代活躍中！ 正社員
350,日本交通株式会社 | 三鷹営業所★月の約半分がお休み★学歴・経験・転職回数不問★,【エキスパートドライバー候補】無理なく本当の自分らしさで！！ 正社員
351,溝江建設株式会社 | 【 みぞえグループ 】■健康経営優良法人 ■SDGs宣言企業,★福岡からの転勤なし！街づくりに貢献する【建築施工管理】 正社員
352,Cooperative株式会社 | 【大阪府緊急雇用対策に賛同】営業9割以上未経験スタート！,【企画営業】完休2日★月25万スタート！★賞与年3回★高収入獲得 正社員
353,アクティブグループ合同会社 | 実績を正当に評価！自由な環境のもと、あなたが望む未来を実現！,未経験歓迎の【コンサル営業】入社半年で月収例50万円★研修充実 契約社員
354,株式会社Presidents Free Style | 独立支援制度あり／社宅あり／コロン化でも黒字経営で業績UP,富山県も積極採用中☆高収入の【通信工事スタッフ】※未経験歓迎 正社員
355,株式会社窪治組 | ほぼ残業なし★未経験OK★週休2日★実働7.5時間★各種手当充実,未経験OK【技術アシスタントスタッフ】転勤なし・社員寮完備 正社員
356,株式会社コーユー | 【10/16(土)開催 マイナビ転職フェア千葉＠ペリエ千葉に出展】,＼即日内定可／月収40万円以上も目指せる！【警備スタッフ】 正社員
357,株式会社エコスマート | 創業以来10期連続増収増益◆社員定着率92.3％◆年3回長期休み有,【保険の外交員】月給30万以上スタート★経験者優遇★賞与年2回 正社員
358,株式会社ディア | ◎充実のインセン&サポート体制で1年目からシッカリ稼げます♪,"★目指せ1,000万円プレーヤー★【提案営業】応募〆切：10月18日 正社員"
359,株式会社ベルハウジング | ＜ 設立35周年 ＞グッドデザイン賞の住宅／未経験から成長できる,年齢・社歴に関係なく輝ける【営業】年収600万円も可能 正社員
360,株式会社TSSエンジニアリング | ☆転勤なし／資格支援あり ☆親会社の実績もあって安定性抜群！,【プロジェクト管理】★未経験でも高収入／残業月平均5H程度！ 正社員
361,積水ハウス不動産中国四国株式会社 | 【中四国トップクラスの売上高・積水ハウスグループ】賞与年3回,【不動産営業】「あなた」の力を発揮してください！※年休129日 正社員
362,"株式会社クレス不動産 | 物件を""見つける""仕事です。未経験入社で年収1000万円も可能！",【不動産仕入営業】完全週休2日制＊ムリなく稼げる 正社員
363,株式会社SALTO | ベトナムに現地法人設立！グローバル展開も進めるITベンチャー,2022年SALTO改革に向けた【開発エンジニア】募集@首都圏勤務 正社員
364,株式会社SALTO | ベトナムに現地法人設立！グローバル展開も進めるITベンチャー,2022年SALTO改革に向けた【インフラエンジニア】募集@首都圏勤務 正社員
365,真栄建設運輸株式会社 | 【安定感ある岡本グループ】★マイナビからの採用実績複数有り！,【技術系総合職】★除雪&出張&夜勤なし！月収30万円以上も可能！ 正社員
366,株式会社日栄テック | 【大阪府緊急雇用対策に賛同】充実の休暇制度あり／学歴不問,【施工管理】未経験でも月給27万円以上！／20代社員も活躍中★ 正社員
367,株式会社ネクスト21 | <東京大学や理化学研究所と共同研究>土日祝休み/年間休日120日～,"ライフサイエンス系総合職(再生医療人工骨の開発,製造/薬事申請) 正社員"
368,広島建設株式会社 | ～千葉に根差して50年の安定基盤があります～★WEB面接実施中★,◎転勤なし◎分譲住宅・注文住宅の【提案営業】※100％反響型 正社員
369,株式会社ヘルセ | ◆設立以来増収増益 ◆国内40店舗を展開 ◆海外展開もスタート,海外の人気商品を国内に広げる【営業】★将来のマネージャー候補 正社員
370,フューチャーワークス株式会社 | 年間休日125日以上／経験が浅くても安心のサポート体制◎,不動産業界の集客率UPに繋がる【法人提案営業】★導入実績多数！ 正社員
371,社会福祉法人 枚方療育園 | ビアンエトール恭愛【大阪府緊急雇用対策に賛同】月8日休み,★未経験歓迎★【生活支援員】※賞与年3回（実績5.35ヶ月分） 正社員
372,株式会社SSコーポレーション | ★1人1車体制★費用負担で大型免許の取得可能★長期休暇も充実,希望のスタイルを選べる！【ドライバー】※土日祝休・残業少なめ 正社員
373,村田建設株式会社 | 元請け案件が8～9割／業績好調／社会福祉法人等と直取引を実現,【建築施工管理】※月給30～40万円と安定水準 ※決算賞与もあり 正社員
374,株式会社SSコーポレーション | Glast(グラスト)/高級車から国産車まで幅広い車種/長期休暇あり,月給30万円スタート！【整備士】※前職給与を考慮！原則定時退社 正社員
375,株式会社桜井自動車教習所 | 日祝固定休み＋土曜日交代制／平均月収30万円／賞与4.2ヶ月分,一生モノのスキルが身につく!【教習指導員】※年休実質121日 正社員
376,"株式会社SSコーポレーション | ★平均有給取得日数10日★GW,夏季,年末年始休暇あり★未経験OK",自社サービスの魅力を広める♪【営業スタッフ】※残業少なめ 正社員
377,カンエツ興業株式会社 | 設立46年の総合建設会社 | 週休2日★賞与年2回★月給30万円～,【建築・土木施工管理】★夜間なし★残業なし★遠方なし！ 正社員
378,廣川電機株式会社 | カネカ、サントリーなど大手と直接取引／資格取得支援あり,未経験から始める【メンテナンススタッフ】☆月給22万円以上 正社員
379,サムティプロパティマネジメント株式会社 | 【東証一部上場100％出資企業】★大阪府緊急雇用対策に賛同,オーナー対応などの【不動産管理】★月給27万円～/年休125日以上 正社員
380,インフォシー株式会社 | ★グローバルベンチャー企業★年休120日以上★フレックス制あり,【ITエンジニア】前給保証！★残業10ｈ以下 ★副業OK ★手当充実 正社員
381,サイフォ株式会社 | ＼福岡トップクラスの知名度・実績があなたの営業活動を後押し／,収益用不動産の【売買仲介営業】年収1000万円も可/完全週休2日制 正社員
382,ソーシャルインクルー株式会社 | 今期も増収増益を更新◎将来性・安定性ともに業界トップクラス！,【管理部門スタッフ(請求窓口)】未経験歓迎／月給30万円以上 正社員
383,日本フォーミング株式会社 | ◆基本土日祝休み◆ほぼ定時退社 ◎未経験大歓迎！,【営業事務】ワークライフバランス重視でプライベートを大切に！ 正社員
384,ロビンスジャパン株式会社 | SUUMO 関東 注文住宅・工務店ランキング2016～2020年第1位,【反響営業】ショールームの輸入住宅アドバイザー◆月給30万円～ 正社員
385,株式会社マリーロード | 《ラシュレディアコート》週休二日／賞与年2回／男女共に活躍中,喜びと感動がいっぱい【ウエディングプランナー】◎未経験歓迎 正社員
386,株式会社ラングローブ | 未経験歓迎／月7-11日は休み／残業月10～20h程度／稼げる環境◎,定着率90％超！反響型の【提案営業】3年で年収800万以上も可能 正社員
387,株式会社ハウスクルーズ | 完全週休二日制/有給消化率100％/20代管理職歴あり,【ライフコンサルタント】未経験歓迎！高額インセンティブあり◎ 正社員
388,株式会社ツイテルホーム | 知識・経験必要無し│希望勤務地確約│土日祝休み,お金を払う営業！不用品の【買取営業】★1年目から月収50万可♪ 正社員
389,株式会社ベルハウス | 17年連続で増収増益！安定感は抜群 ★駅徒歩1分の好立地,【不動産営業】★完全週休2日制・未経験から年収800万円以上も！ 正社員
390,"有限会社B.T | 関西電力グループ""きんでん""協力企業／大阪府緊急雇用対策に賛同",【電気通信スタッフ】★未経験OK＆年間休日150日以上も可能！ 正社員
391,豊中機工株式会社 | ゴルフ場用芝刈り機などを取り扱う専門商社/土日祝休/年休125日,機械好きの方歓迎！芝刈り機の【メンテナンススタッフ】土日祝休 正社員
392,株式会社崎山組 | ＊1回の賞与で100万円の実績あり／男性の育児休暇取得実績あり＊,キャリアUP＆月収60万円も可能【機械オペレーター】★年休122日 正社員
393,株式会社トワードセントラル | 業績安定の食品配送／シフトも柔軟に組める◎/福利厚生が充実！,【ルート配送ドライバー】未経験でも月給29万円以上！賞与2回！ 正社員
394,株式会社GRAST | 都内8店舗展開！◎寮完備！◎安定収入がいい！,3つの働き方から選べる【店舗STAFF】月給30万円可/賞与年4回★ 正社員
395,株式会社Rush up | 成長率200％超えの成長企業【大阪府緊急雇用対策に賛同】,商品力があるから売りやすい！成果はインセンに直結！【営業】 正社員
396,株式会社エイトハウジング | 安心のWEB面接実施中！昇給は年4回　※大阪府緊急雇用対策に賛同,＼未経験デビューを応援／【アドバイザー】※土日祝休・定時退社 正社員
397,株式会社エム・シー・ピー | ★基本定時退社★正当評価で年収1000万円も可能★昇給年4回,★残業なし★最大18連休！メリハリつけて働ける【積算スタッフ】 正社員
398,株式会社Rush up | 成長率200％超えの成長企業【大阪府緊急雇用対策に賛同】,自分だけのキャリアを築く 【企画営業】★1年以内に昇格多数！ 正社員
399,株式会社ハンズ | 残業ほぼ無し★賞与200万円以上の支給実績有★未経験から挑戦可,【フィールドエンジニア】未経験歓迎◆賞与4カ月分◆学歴不問 正社員
400,株式会社シュテルン葛飾 | メルセデンス・ベンツ正規ディーラー/年休110日/毎月インセン,未経験歓迎！基礎から学んで成長できる【営業】★20代活躍中 正社員
401,法成寺運輸株式会社 | 最近も未経験から20・30代の社員が入社★1年目で月収40万円可能,未経験OK【 4t・10tドライバー 】◎大型免許取得支援あり 正社員
402,株式会社ケーシーエス・エス | 大阪を中心とした近畿一円で活躍／【大阪府緊急雇用対策に賛同】,入社2年目の平均月収40万円◎しっかり稼げる【ドライバー】 正社員
403,株式会社ONE | ◆月給30万円＆インセンティブで高収入 ◆面接時の交通費支給,成約率が魅力！未経験のアナタもできる【買取営業】完全土日休み 正社員
404,西日本高速道路エンジニアリング中国株式会社 | 【NEXCO西日本グループ】◎年収600万円以上も目指せます！,【土木技術者(管理・点検・設計など)】◎年休120日×完全週休2日 正社員
405,株式会社Alba Link | 住宅手当あり／20～30代活躍中！～個人の成長が企業の成長に～,"100％完全反響型の【不動産営業】＊平均年収1,000万円以上～＊ 正社員"
406,株式会社スカーラサポート | 《面接1回》《社員の9割が月給30万円以上実現》《普通免許でOK》,【レッカーサービススタッフ】◎年齢不問 ◎福岡限定募集 正社員
407,厚木瓦斯株式会社 | ＜厚木ガス＞安定経営／土日休＆残業少なめでプライベートも両立,ガス・電気の【営業】未経験歓迎＆月給28万円以上／厚木市密着 正社員
408,株式会社四国軽貨物 | 東京支店・登録無料・日払いOK・リース車両2ヶ月無料・車検無料,【軽貨物ドライバー】湾岸エリアの案件充実！70万円以上も可能！ 業務委託
409,株式会社BRUTUS | 人気タレント所属★TikTokやYouTuberとの仕事も多数★土日祝休み,＼エンタメ業界でキャリアUP！／【企画営業】★未経験歓迎★ 正社員
410,有限会社プロパティ | ◆企業理念は「三方よし」相手よし、自分よし、みんなよし。,未経験からしっかり稼げる【不動産仕入れ】◎女性活躍中！ 正社員
411,株式会社Nexus Consulting | 完全週休2日制(土日祝休)*リモートワーク導入*服装自由(私服OK),未経験から成長できる【コンサルタント】★残業なし★前給保証！ 正社員
412,京和ブロンズ株式会社 | 【設立50年以上／青銅インゴットのメーカー】＊残業なし＊,【製造スタッフ（生産）】★昨年度賞与4ヶ月分 ★年休120～125日 正社員
413,株式会社ウルテック | ★設立45年 ★未経験でも月給25万円以上 ★完全週休2日制,分譲住宅の仕入・企画・販売を手掛ける【営業職】★未経験大歓迎 正社員
414,株式会社ひらぎの | 未経験から高収入が目指せる！UIターン支度金（10～20万円）あり,モデルルームへの来店者やお客様からの紹介が中心の【反響営業】 正社員
415,ＡＲＫ　ＣＯＮＳＵＬＴＩＮＧ株式会社 | 大手コンサルからのスピンアウト/未経験・ITエンジニア出身歓迎,【SAPコンサルタント】最新テクノロジーで企業の課題を解決する 正社員
416,株式会社セルモ | ＜セルモグループ＞冠婚葬祭業界のリーディングカンパニー,あなたの夢や高収入が叶う！経験に関係なく活躍できる【営業】 正社員
417,株式会社カーネルジャパン | 【高水準のインセンあり】★土日祝休み★有給取得率◎＝連休もOK,未経験からチャレンジOK【人材コーディネーター】★年休125日～ 正社員
418,株式会社fosbury | 【ベストベンチャー100選出企業】#コロナ禍でも連続増収増益中！,公的機関主催の超大型イベントも手がける【イベントプランナー】 正社員
419,株式会社エナジーシステム | #インセンティブ支給あり！ #月20万円以上のインセン獲得者も！,【販売・接客スタッフ】★未経験歓迎！★20・30代活躍 正社員
420,株式会社九神ファームめむろ | 『 町のおかずやさん クックチャム 』を展開しています！,★女性社員が活躍中★【 店舗運営 】*料理が好きな方は大歓迎 正社員
421,株式会社ベクタークラフト | 大阪府緊急雇用対策に賛同/アルミ建材の専門メーカー/年休125日,優良メーカーで経験を発揮！【設計スタッフ(CAD)】月給28万円～ 正社員
422,株式会社かまとり住宅 | 設立以来右肩上がりの成長！千葉県に根付き数多くの不動産を扱う,未経験でも安心の100%問い合わせ対応！【不動産営業】 正社員
423,株式会社建築資料研究社 | 景気に左右されない！資格系スクール「日建学院」を運営,★横浜/武蔵小杉/藤沢募集★【ライセンスアドバイザー】 正社員
424,ネッカート株式会社 | ■遠方応募歓迎 / 社宅＆寮完備・引越費用負担 ■WEB面接実施中,【技術系総合職】★月給21万円～ ★完全週休2日&年休120日以上 正社員
425,株式会社ACE one | 年間休日122日｜毎月の歩合給で収入もアップ｜ノルマなし,初年度年収100万UPの先輩も！人と企業を繋ぐ【法人営業】 正社員
426,タウンクロス株式会社 | 賞与5～6か月支給実績あり！★12年連続増収増益の安定基盤★,【消防設備士】月給30万円スタート！経験者優遇♪ 正社員
427,株式会社リープ | 越谷営業所が新オープン！成長性バツグンの地域密着不動産会社,月給28万円＋高額インセンあり★社有の土地を販売する【営業】 正社員
428,株式会社ジャムジャムエクスプレス | 【アプライジンググループ】★大型二種免許をお持ちの方面接保証,上京も歓迎♪寮費は光熱費込み3万円！【乗務員】★月給40万円～ 正社員
429,株式会社ケーシーエス | 未経験OK/転勤なし/普通免許のみで応募OK/完週休2日の働き方も可,【総合職（ドライバー／運行管理）】社員の平均月収は40万円！ 正社員
430,株式会社ティ・ユー・メタル | 【 業績安定 】” 地元でずっと働く ” が叶う場所。,＊未経験歓迎＊【 作業スタッフ 】土日休み／平均月収30万円～ 正社員
431,株式会社シティ・ハウジング | 『100年企業』×『エリアNo.1』を目指す総合不動産会社！,未経験からSTARTできる【ルームアドバイザー】★個人ノルマなし 正社員
432,神戸不動産リアルティ株式会社 | 転職して収入が3倍になった先輩も/年3回の長期休暇/10連休も可能,【不動産の営業スタッフ】※未経験でも月給25万円～／研修充実 正社員
433,株式会社アクト | ＼賞与は4～5ヶ月分を支給／残業は月平均10時間ほどです,道路や河川などの社会インフラに関わる【施工管理】★年休113日 正社員
434,システム・メイトグループ合同募集 | 創業50年以上の安定企業｜SE出身社長の「エンジニアファースト」,経験者優遇！★前職給を考慮＋リモートあり★ の【SE/PG】 正社員
435,株式会社ジョンソンホームズ | ◆業界/職種未経験歓迎 ◆20~30代活躍中! ◆原則定時退社OK,個性溢れる自由な【新築営業】★賞与年3回/インセンティブあり◎ 正社員
436,株式会社みらいサポート | ＜業績拡大につき複数採用！同期有り＞★丸の内駅より徒歩1分,【営業】★完全土日祝休み／残業月20H以内／飛び込み営業なし 正社員
437,株式会社ディー・オー・エス | 国内大手メーカーとも多数取引あり【大阪府緊急雇用対策に賛同】,《求ム！開発経験者》手厚い待遇で歓迎！【PG・SE】※残業16.1h 正社員
438,株式会社レイドバック | ★月収58万円以上可★土日勤務のみのWワークもOK★女性も活躍中,平均月収40万円！【軽車両の配送ドライバー】 ◆未経験歓迎 業務委託
439,株式会社クインオート | 事業領域を広げ続ける「ジーライオングループ」の中核企業,質の良い中古車の【仕入れ・オークション担当スタッフ】未経験OK 正社員
440,大東建託株式会社 | 【三宮支店】東証一部上場/年休125日/週休２日/フレックス制,実績は業界1位！紹介を介して企業と関係性を深める【法人営業】 正社員
441,株式会社コスモメンテナンス | 賞与年3回／残業少なめ／京都本社／転勤なし／西院駅近,【消防設備の点検】未経験でも1年後には年収500万円以上可◎ 正社員
442,富国運輸株式会社 | 月給40万円以上も可！無事故手当(月最大7万円)など環境充実！,未経験OK！食品の【タンクローリードライバー】月給40万円～ 正社員
443,株式会社福島興業 | 都市銀行や官公庁から信頼を頂く企業※大阪府緊急雇用対策に賛同,土日休み！未経験からのスタートをサポート！【営業スタッフ】 正社員
444,株式会社建築資料研究社 | 景気に左右されない！資格系スクール「日建学院」を運営,★福岡/熊本/大分/宮崎/鹿児島募集★【ライセンスアドバイザー】 正社員
445,株式会社マルキ | 大阪府緊急雇用対策に賛同／年収800万円超も可能／駅から徒歩2分,【提案営業】★未経験でも月給24万円～＋賞与最大”年3回”！ 正社員
446,株式会社ぜん | 《前職給与保障》社員思いの社風で定着率◎幅広い業務に携わる！,月給28万～！手に職をつけて働ける【 リフォームの工事作業 】 正社員
447,有限会社小南機工,【建築現場での設備機器搬入・設置】未経験でも月収30万円以上可 正社員
448,株式会社創建地所 | 【創建グループ】即日入社歓迎！大阪府緊急雇用対策に賛同,理想を住まいを創る【住宅コーディネーター】年収500万円以上！ 正社員
449,株式会社エム・シー・ピー | ★年齢不問★連続休暇取得も可★資格取得支援有★20～50代活躍中,【マンション修繕の施工管理】年収1000万円も可能/昇給年4回実績 正社員
450,エイトリンク株式会社 | 毎月インセンティブあり！博多駅徒歩7分★5日以上の連休取得可能,【営業】福岡から転勤なし★成約率70％★未経験OK★月給25万円～ 正社員
451,株式会社エヴァ・ライフ | ＼ 高収入が目指せます ／インセンティブが10万円を超える月も?!,今後の拡大に期待大！【 福祉用具のルート営業 】*新店舗もOPEN 正社員
452,鳥羽建設株式会社 | 滋賀本社／利益は社員に還元⇒賞与平均4ヶ月分以上／週休2日制,平均年収600万円【施工管理アシスタント】未経験で月給25万円～ 正社員
453,株式会社建築資料研究社 | コロナ禍でも強い！資格系スクール「日建学院」を運営,★奈良募集★【総合職(資格取得アドバイザー/システム営業)】 正社員
454,大東建託株式会社 | 【東証一部・名証一部上場】フレックスタイム制で働きやすさ◎,【提案営業】★業界TOPクラスのインセンティブ・待遇・評価制度 正社員
455,株式会社建築資料研究社 | コロナ禍でも強い！資格系スクール「日建学院」を運営,★秋田限定募集★【ライセンスアドバイザー】未経験歓迎 正社員
456,有限会社新潟機械商行 | ★社用車貸与＆ガソリンカード支給★長期1週間ほどの休暇もOK★,【進行管理スタッフ】未経験でも月給25万円スタート★年113日休 正社員
457,株式会社三友社 | 【創業60年以上】インセンティブのみで月150万円も可能(実績有),月給27万円以上★完全週休2日制★残業月5h程度【不動産営業】 正社員
458,株式会社建築資料研究社 | 景気に左右されない資格系スクール『日建学院』を運営,★愛媛募集★【総合職(資格取得アドバイザー/システム営業)】 正社員
459,能丸政孝税理士事務所 | 北九州で創業30年以上の歴史！土日祝休みでプライベートの両立◎,【税理士アシスタント】実務未経験者OK！転勤なし！ 正社員
460,株式会社西家 | ◆大型連休年3回(GW/夏季/年末年始)→最大9連休 ◆週休2日制,若手活躍中★ON/OFF充実★月給30万円以上【営業】※残業月0~10h 正社員
461,株式会社山王 | 【新拠点オープニングメンバー大募集！】◎年間休日117日,”商品説明”で高収入♪【PRスタッフ】※鹿児島限定募集 正社員
462,株式会社ＮＥＯ | <大阪府緊急雇用対策に賛同>年休120日／土日祝休み／残業少なめ,完全在宅ワーク【木造構造設計業務管理】賞与の昨年実績5ヶ月分 正社員
463,株式会社コネクト | 年間休日120日／転勤なし／賞与年3回／1年目から高収入を実現可,【法人営業職】土日祝休／20～30代活躍中／毎月昇給・昇格査定有 正社員
464,ジブラルタ生命保険株式会社│子育てサポート企業＊福利厚生充実＊キャリア支援,【ライフプラン・コンサルタント】未経験歓迎＊土日祝休＊裁量大 正社員
465,大阪運輸株式会社 | #大阪府緊急雇用対策に賛同 #1ヶ月目から月収30万円以上が可能,新拠点OPEN！国内の重要拠点で働けるチャンス！【倉庫スタッフ】 正社員
466,明和テクノス株式会社 | ★日清製粉、はごろもフーズなど取引先は大手食品メーカーも!!,人気のお菓子の製造にも携わる【ステンレス・製缶板金スタッフ】 正社員
467,Tree Company株式会社 | 大阪府緊急雇用対策に賛同｜男女不問／土日休み,セルフエステFC事業の問い合わせ【営業】 ※未経験歓迎 正社員
468,臨海建設株式会社 | ＼公共案件100％／総合土木業として愛媛に貢献！＜面接1回のみ＞,初年度年収500万円以上目指せる！【土木施工管理】※転勤なし 正社員
469,株式会社ノードコムターミナル | 【高インセン有】★土日祝休み★残業少なめ★面接1回★20代中心,＼未経験から挑戦OK／【人材コーディネーター】★年休125日以上 正社員
470,有限会社大野組 | ＊資格取得を会社全額負担で応援！給与UPも実現します＊,1日3件ほど担当！近距離のみの【配送ドライバー】★普免で応募OK 正社員
471,株式会社65ファイナンス | 外資系金融機関でトップセールスだった経営陣によるスタートUP,【コンサルティング営業】★高額歩合あり★1日の実働平均5.5時間 正社員
472,株式会社マリーロード | 《「玉泉院」「ラシュレディアコート」を運営》◆残業ほぼなし！,地域密着！営業所の【管理スタッフ】※未経験歓迎／月給28万円～ 正社員
473,株式会社SPEED | 【未経験歓迎】ご経験やスキルに応じて給与もUP♪宅建所持歓迎！,【 不動産事務/契約業務】週休2日＆残業ほぼ0/月給30万円～ 正社員
474,伊豫スズキ販売株式会社 | #業界でも珍しい完全週休2日をいち早く導入#年休126日,未経験を育成します！チーム制で取り組む【営業スタッフ】 正社員
475,株式会社Leafer | 「リーフ整骨院/リーフ鍼灸整骨院」を千葉県内で8店展開！,【柔道整復師】実務経験不問！資格手当・賞与あり／残業少なめ 正社員
476,株式会社SPEED | 20代～30代が中心に活躍中/年収1000万円～可/ノルマなし/駅チカ,チームで稼ぐ【不動産営業】残業ほぼ０／未経験歓迎／月給30万円 正社員
477,"ドリームアドバンス株式会社 | Dream Advance Co., Ltd.｜大阪府緊急雇用対策に賛同",経験者限定！新規出店に携わる【店舗開発】幹部候補｜年齢不問 正社員
478,東洋運輸株式会社 | ＼ 安定性バツグン！ ／ ”大手企業専属”の定期輸送です！,【 3ｔドライバー】★未経験OK！3ｔで高収入（月給32万円～） 正社員
479,株式会社ホンダクリオ南海 | 未経験歓迎／初年度年収400万円～※大阪府緊急雇用対策に賛同,未経験でも安心！リピート顧客9割の【提案営業】月給26万円以上 正社員
480,有限会社大野組 | 1日実働7時間／残業ほぼなし／給料日にはお寿司・ピザを支給！,【総合職（作業員・施工管理）】★初年度年収400万円も可能 正社員
481,株式会社T.K.R | テレビCMでお馴染みのT.K.R.コーポレーション！,人柄重視の選考/賞与年2回【コンサル営業】管理職候補も同時募集 正社員
482,三栄工業株式会社 | 創業64年！60歳以上の社員も活躍中★長く働ける会社です！,沖縄の街づくりに協力してくれませんか？【 技術スタッフ 】 正社員
483,三重綜合警備保障株式会社 | 【東証一部上場ALSOKグループ】★年休113日以上,警備サービスの【営業】★三重県内★未経験・第二新卒歓迎 正社員
484,サイフォ株式会社 | 知名度抜群で営業しやすい＆頑張りは見える成績で半期に一度還元,ストックビジネスで安定基盤を確立！【 不動産営業 】*土日休み 正社員
485,株式会社サーバントップ | 大阪府緊急雇用対策に賛同／完全週休2日制(土日祝)／残業少なめ,オフィス環境をサポートする【法人営業】※女性活躍中・土日祝休 正社員
486,株式会社安元工業 | 電話問い合わせもOK！【TEL/092-811-1952】◎週休2日制！,★お庭を彩る！【ガーデンクリエイター】☆未経験でも高収入！ 正社員
487,ケーエルサービス西日本株式会社 | キリングループで正社員として働く★1年目で月収35万円以上可,【配送ドライバー(13t)】★未経験OK！若手が多数活躍中の職場！ 正社員
488,株式会社クレドインターナショナル | ◆未経験歓迎！◆チャレンジできる環境◆週休2日◆高収入,温浴施設の【支配人】◎ホテルスパ業界の大手企業 正社員
489,株式会社J-RAISE | WEB面接OK／資格取得費全額会社負担／大阪府緊急雇用対策に賛同,未経験は補助からスタート【施工管理】月給28万円保証！ 正社員
490,株式会社Itsuki | 2018年創業／フロントエンドに特化したシステム開発会社,【Webディレクター】☆WEBサービス開発の最前線に☆フルリモート 正社員
491,宮崎海運株式会社 | 海で働くスケールの大きな仕事／給与も高水準で定着率抜群★,【内航船員】30日連続休日も可能★未経験からチャレンジ歓迎 正社員
492,株式会社Itsuki | 2018年創業／フロントエンドに特化したシステム開発会社,【Webデザイナー】☆最新技術をフル活用☆完休2日☆フルリモート 正社員
493,株式会社フォーナイン | ◆原則定時退社 ◆年間休日120日以上 ◆有給消化率ほぼ100％,急成長ベンチャーで活躍する【店舗開発営業】★完全反響営業 正社員
494,株式会社KASOL | エンジニアの”働きやすさ”にこだわっている会社です！,【SE・PG】業務拡大のための中途採用！可能な限り希望を聞きます 正社員
495,株式会社ファイン | 【ホテル正社員募集】書類選考は目を通す程度 ⇒ 完全人柄採用！,＼未経験→月30万!?／ 超★稼げるレジャーホテルの【店舗STAFF】 正社員
496,サンライズシステム株式会社 | キャッシュレス決済アプリ開発/有名デジタルウォッチ組込開発 等,【ITエンジニア】◎前職給与保証 ◎好きなPJにアサインします！ 正社員
497,株式会社Be | 【訪問型サロンで活躍♪】*未経験OK*完全週休2日制*残業月10H程,【コンシェルジュ】☆まつ毛・眉毛・前髪に特化した出張型施術 正社員
498,株式会社前平電機 | 月収50～70万円の実績あり／★完全週休二日制（土日）も選択可★,成長企業で活躍！【電気工事スタッフ】★未経験も経験者も歓迎★ 正社員
499,株式会社サンフジ建設 | 資格・経験に見合う待遇でお迎えします！官公庁の案件が多いです,【施工管理】◎月給50万円以上可能＋各種手当＋報奨金あり！ 正社員
500,株式会社トータル | 賞与年2回＋決算賞与は8年連続で支給｜社員定着率90％超！,★前職給与を考慮★インフラ設備を構築する【施工管理スタッフ】 正社員
501,大阪第一交通株式会社 | 上場グループ／年収500万円以上可／大阪府緊急雇用対策に賛同,業界大手の【タクシードライバー】高収入＆働きやすい職場環境！ 正社員
502,株式会社小山電機工事 | <Welcome>電気工事の経験者、仕事もプライベートも大事にする方,『未経験OK』石川で活躍する【電気工事士】★平均年齢31.7歳★ 正社員
503,山三交通株式会社 | 未経験活躍中／格安＆キレイな社員寮有！上京も支援／Web面接OK,稼ぎたい・マイペース両方OK【タクシー運転手】★年休125日以上 正社員
504,ケイエイツー株式会社 | 店舗拡大中の急成長住宅メーカー★2020年度グッドデザイン賞受賞,UIターン歓迎／WEB面接OK／引越代負担あり【経理】★月給25万円~ 正社員
505,株式会社沖縄ユーポス | 【 ユーポスグループ 】20代の若手社員が続々と入社しています,原則残業なし★働きやすい環境・高収入が手に入る！【 営業職 】 正社員
506,株式会社ハイファイブ | 関西一円の広告に携わるPR会社です／女性活躍中／育休産休実績有,大人気★【企画・PRスタッフ】今の仕事に納得いかない方、必見！ 正社員
507,"アークネット株式会社 | 「やる気スイッチ」のスクールIE,英会話スクール「WinBe」を運営",【教室長】★授業担当なし★優秀教室賞受賞×9月に新校舎OPEN 正社員
508,株式会社ＩＢＪ | 【東証一部上場企業】◆年休124日◆完全週休2日(土日祝),婚活相談所の【開業営業】★名古屋限定募集／転勤なし★ 正社員
509,ケミックス東海株式会社 | 金属の塗装剥離で業界トップクラス★福利厚生充実＋多数手当付き,【現場作業スタッフ】月給33万円スタート＆賞与年3回 正社員
510,株式会社ユリカレント | 投資物件の賃貸管理専門会社｜「新小岩駅」徒歩8分のオフィス,【不動産事務】賞与2回/無駄な残業なし/やりがい◎/事務経験不要 正社員
511,株式会社伸興製作所 | 創業72年／大手企業と取引／社員一人ひとりに合わせた働き方,ショベルカー部品の【製造スタッフ】※賞与年3回／長期休暇あり 正社員
512,ベルトラックス株式会社 | ディーラー経験者など整備経験のある方歓迎！★残業ほぼなし！,土日休みで高収入！整備経験を活かした【建設機械メンテナンス】 正社員
513,環協株式会社 | ★独身寮完備・ジムやリゾート施設利用など福利厚生が充実★,【衛生管理の技術スタッフ】★年休120日以上 ★環境事業で成長中 正社員
514,株式会社スマートリンク | 直行直帰OK/既存対応のみ/18～19時退社/資格取得を全力サポート,【住宅アフターサービススタッフ】週休2日/未経験OK/社用車支給 正社員
515,株式会社藤井硝子店　 | ★入社後に結婚した社員も多数！社員想いな社風が魅力の安定企業,ガラス工事の【施工スタッフ】★賞与/年3回 ★年間休日120日以上 正社員
516,株式会社日本ヴェルテック | 【大阪府緊急雇用対策に賛同】セレッソ大阪ゴールドスポンサー！,未経験OK！手厚い研修でプロフェッショナルになれる【提案営業】 正社員
517,丸和運送株式会社 | ”ありがとうのこころをあなたに” でおなじみ児湯食鳥グループ,【配送ドライバー】（7ｔトラック）★エリアは九州一円！ 正社員
518,ジャパン・アット・レスキュー株式会社 | ◎賞与年3回◎充実の研修制度あり【大阪府緊急雇用対策に賛同】,未経験OKの【100％反響営業】稼ぎたい方歓迎／入社祝金10万円 正社員
519,株式会社札幌解体建設 | 転勤なし／電話問い合わせもOK！ ⇒ TEL／011-865-6060,月収24万円以上も可！【総合職（作業員／重機オペ／施工管理）】 正社員
520,株式会社友建設 | ” 安定経営 × 高収入 × 働きやすさ ” が揃っています！,【 施工管理 】★月給30万円以上を保証 ★前職給与考慮 正社員
521,株式会社栃木ケイテクノ | 【東証一部上場の関電工グループ】栃木県トップクラスの実績,総合職【電気施工管理・電気工事士】転勤なし／前職給与考慮！ 正社員
522,株式会社アイプロホールディングス | ◆残業月20h以内/営業中央値年収約741万円/有給消化率85％,心機一転！稼いで明るい未来を作りませんか？【不動産販売】 正社員
523,ウッドホーム株式会社 | ◎LIXILグループ「アイフルホーム」加盟店 ◎月給40万円～も可能,＼未経験歓迎／【提案型営業】*渋滞回避できる9時半始業 正社員
524,新日本リース株式会社 | 新日本グループの安定性あり◆経験を活かし腰を据えて働ける！,資格を生かして正規雇用へ【フォークリフトオペレーター】 正社員
525,有限会社Coo＆RIKU | 国内外にペットショップを200店舗以上展開、売上200億円到達,大手ペットショップの【総合職（SV・店長候補）】★全国募集 正社員
526,株式会社cosbi | 【大阪府緊急雇用対策に賛同】自社ブランドとOEMを手掛ける企業,SNSでも人気!ヘアケア商品の【提案営業】未経験でも月給25万円★ 正社員
527,株式会社相馬 | コロナ禍でも売り上げ増。即戦力として活躍していただけます！,大手企業からの案件受託で安定性◎【施工管理】*月給35万円から 正社員
528,株式会社かすみ交通 | 2007年設立、地域密着のタクシー会社,"活躍次第で年収1,000万円も可能【タクシードライバー】※副業OK 正社員"
529,有限会社エフクラス | <全国から応募歓迎>未経験OK/完全週休2日/残業少なめ/ノルマなし,アウトドア好きの心をくすぐる軽トラック等を提案！【反響営業】 正社員
530,上庄電気工事株式会社 | 北陸電気工事（株）※東証一部上場　のパートナー企業！,【電柱工事スタッフ】毎年昇給！／賞与年5カ月／残業ほぼなし☆ 正社員
531,I.R.C株式会社 | 【入社祝い金15万円支給】大手電機メーカーと直接取引を継続中！,初めての営業も歓迎★未経験でも25万円スタート！【提案営業】 正社員
532,大樹生命保険株式会社 | 柴田営業部／安心の日本生命グループ／仕事と家庭の両立図れる,【ライフコンサルタント】未経験OK！土日祝休み＆福利厚生充実 正社員
533,株式会社Tホーム | 事業拡大につき大募集！入社祝い金支給★日払いも可／転勤なし,ノルマなし★未経験でも年収1000万円・月収100万円可／住宅営業 正社員
534,三紀運輸株式会社 | 【三紀グループ】◎電話での問い合わせも歓迎 ⇒ 086-296-0909,"賞与年""3回""で収入UP【配送ドライバー】※未経験OK／残業30h以下 正社員"
535,株式会社鶴電工業 | <創立46年目>風力発電所・メガソーラー建設に携わる全国有数企業,年収500万円以上可！残業ほぼナシ【土木施工管理】★経験者優遇 正社員
536,有限会社OPA | 【ペットハウスOPA】本当にこんな求人あっていいんですか！？,★効率良く働いて高収入な★【ペットアドバイザー】 正社員
537,誠和梱枹運輸株式会社 | 設立51年目の安定企業《 TEL問合せOK ⇒ 086-456-6100 》,★社員の平均月収40万円越え！【大型ドライバー】☆年休110日 正社員
538,住井運輸株式会社 | 条件を満たす応募者全員と面接確約/若手積極採用/完全週休2日制,【港湾荷役】入社2年目、26歳で月収39.5万円の先輩もいます！ 正社員
539,大東建託株式会社 | 《東証一部上場》業界トップクラスの実績★／愛媛県勤務限定募集,【提案営業】転勤なし/年間休日125日/フレックスタイム制導入 正社員
540,株式会社ウメケン | 電話問合せも歓迎！【092-609-9595】まで気軽にご連絡ください！,高収入も目指せる！【安全設備管理】※独立支援制度あり 正社員
541,ミナミ電工株式会社 | ★家族を大切に！毎年9日間以上の連休休暇など制度を充実中！,【総合職（工事管理／電気工事士／設備設計）】※月給24万円以上 正社員
542,株式会社富士鳩急送 | ◆賞与年2回 　◆転勤なし！ ◆月収40万円も可能です！！,好きを仕事に！高収入GETも！【ドライバー】※女性活躍中♪ 正社員
543,株式会社ジェイエムエー | 採用祝い金あり/前払いOK/レンタル車あり☆応募者全員面接！,【配送ドライバー】保険・年金加入可能★自由な働き方が出来る◎ 業務委託
544,有限会社晃栄商事 | 【女性社員も活躍中】支配人として活躍するまで、じっくりと研修,レジャーホテルの【支配人候補】※未経験でも月給25万円以上 正社員
545,株式会社大平基礎 | 17時には工事終了。残業少なめで月収26万円以上も目指せます！,充実の手当アリ&高収入も目指せる【機械オペレーター】*未経験OK 正社員
546,株式会社かんでんジョイナス | 営業エリアは神戸市周辺など／転勤なし／完全週休2日制,関西電力グループの【営業系総合職（営業／営業事務）】未経験OK 契約社員
547,株式会社晃技開発 | 官公庁とも取引★昇給＋賞与年2回【大阪府緊急雇用対策に賛同】,"【営業スタッフ】★残業ほぼなし ★年収1,000万円も目指せる！ 正社員"
548,株式会社清光社 | ★未経験歓迎★残業月10h以下★賞与平均2ヶ月★交通費全額支給,「ありがとう」が力に！オフィスビルの【セキュリティスタッフ】 正社員
549,株式会社リプロス | ★広島支部スターティングメンバー募集★月給25万円～＋歩合★,経験・資格不問！不動産用地・住宅の【仕入企画営業】※広島採用 正社員
550,有限会社福岡紙業 | #シフトによる週休2日制#土日も交代で休める#賞与年2回,未経験歓迎!月収40万円以上が目指せる【ドライバー/工場内作業】 正社員
551,沖土木建設株式会社 | ＜官公庁案件100％＞●有給消化平均日数10日●社員旅行年1~3回,【現場管理スタッフ】★初年度年収例450～750万円 ★土日休み 正社員
552,ユーグロナコンサルティング株式会社 | 年休120日以上／転勤なし／資格取得支援・外部研修などが充実◎,★前給与以上を保証★【ERPコンサルタント】経験者優遇 正社員
553,新中央航空株式会社 | 《レア求人》創業43年。伊豆諸島の島民のくらしを支える航空会社,バックオフィスから空港を支える【総務スタッフ】※未経験歓迎！ 正社員
554,株式会社トラスト | 需要の絶えない事業｜高収入も目指せる＜平均月収60万～80万円＞,資格を活かして、しっかり稼げる【取り付けスタッフ】※未経験OK 業務委託
555,株式会社住研社 | 【CMでもお馴染みの「住むりえ」】住まいの総合プロデューサー,学歴×経験不問★不動産の仲介【営業スタッフ】100%反響型◎ 正社員
556,三菱電機システムサービス株式会社,【サービスエンジニア】業務委託／全国各地 業務委託
557,丸富運輸有限会社 | 免許取得は入社後でOK/社員寮有/ローソン部積極採用/電話問合OK,未経験OK！【配送スタッフ】★日中運行のみ ★希望休が取れる！ 正社員
558,株式会社福コンサルタント | 土日祝休み／高収入(年収700万円以上可)／面接1回／副業もOK,国交省やNEXCO案件の【施工管理／点検管理】年休126日 正社員
559,株式会社GLOBAL BEAUTY | 完休2日★オープニング募集★多数展開のGLOBAL HOLDINGS GROUP,新メニュー考案や出店計画など運営業務中心の【店舗開発】 正社員
560,梅田運輸倉庫株式会社 | 【大阪府緊急雇用対策に賛同】設立73年！物流業界の老舗企業！,週休2日・月収26万円以上可な環境で働く【2ｔ配送ドライバー】 契約社員
561,マルデナポリジャパン株式会社 | 100店舗チャレンジ始動★新ポストもあり未経験者もチャンス十分,有名店の【店長/SV/マネージャー候補】★第二創業期の大型採用！ 正社員
562,グローバルハウジング株式会社 | 6月に横浜支店OPEN★「GLOBAL HOLDINGS GROUP」のグループ企業,完全週休2日・月給30万円～★成長企業を支える【財務担当】 正社員
563,有限会社Coo＆RIKU | 全国200店舗以上展開中のペット業界大手！,【店長候補】お客様とペットを繋ぎ幸せをお届け♪中四国限定募集 正社員
564,グローバルハウジング株式会社 | 未経験大歓迎！「GLOBAL HOLDINGS GROUP」のグループ企業,月給35万円×完休2日×残業0★中古物件の【仕入れスタッフ】 正社員
565,有限会社Coo＆RIKU | 全国200店舗以上展開中のペット業界大手！,【店長候補】★入社1年目から年収500万も目指せる！東京限定募集 正社員
566,城東運輸倉庫株式会社 | 6年連続決算賞与支給《創業56年の信頼ある政府指定倉庫》,【中型/大型ドライバー】未経験歓迎！免許取得支援制度あり★ 正社員
567,ヤマトワーク有限会社 | <30～50代活躍中> 官公庁案件がメイン／資格取得支援あり！,未経験からでも月給30万円スタート！【作業スタッフ】 正社員
568,株式会社ハートフルデザイン | 住宅やアパート、店舗など幅広い建築物を手がける建設会社,★鉄骨注文住宅の提案★モデルハウスでの【反響営業】※年齢不問 正社員
569,株式会社全国健康センター | 創業50余年！安定した企業で、これまでの経験を活かしませんか？,紙媒体がメイン！【グラフィックデザイナー】※経験者募集 正社員
570,株式会社全国健康センター | 創業50余年の安定した企業！★転勤なしで、高収入で働ける！,★充実の待遇！【ECサイト運営スタッフ】新設部門で活躍を期待！ 正社員
571,株式会社ジェイライン | お問い合わせ：0586-85-8758　★日勤のみ★賞与は年3回,未経験OK★ルート配送の【ドライバー（2t・4t）】★選べる休日 正社員
572,株式会社柏丸金会館 | 子育て中のスタッフも多数！未経験～高収入を得られるチャンス♪,【ホールスタッフ】未経験OK★残業月6時間★定着率94%！ 正社員
573,株式会社シンセリティ | ★原則定時退社／退職者0のメリハリを持って働ける環境,未経験歓迎！希望休など休みが充実！【インサイドセールス】 正社員
574,株式会社シーテック | ＼＊原則転勤なし＊無理なく働ける！／……★年齢不問の求人★,高収入を実現！中部電力グループの【 施工管理 】*年間休日126日 契約社員
575,株式会社アルファ工業 | ■大同特殊鋼グループ指定協力会社,★入社1年目から高収入を目指せる【生産スタッフ】＊転勤無し＊ 正社員
576,ONODA株式会社 | ★皇居を望む見晴らし抜群のオフィス！★週休2日制（土・日）,途上国のインフラ整備に貢献する【海外営業】海外出張/駐在あり 正社員
577,税理士法人日本橋総合会計 | ワークライフバランス◎の環境で男女とも長く活躍｜高収入も実現,【税務会計スタッフ】完全週休２日／残業ほぼなし｜前職給与保証 正社員
578,株式会社當木工事 | ◆創業50年の老舗企業◆高収入・厚い待遇をご用意しています！,業績好調！大規模案件多数【設備施工管理(空調設備・衛生設備)】 正社員
579,くにうみＡＩ証券株式会社 | ★くにうみアセットマネジメントグループ,【海外ファンド営業】完全週休2日制（土日祝） 正社員
580,ひかりハウジング株式会社 | 【東農地区トップクラスのハウスメーカー】◆インセンティブ豊富,完全自由設計の【住宅営業】★経験者歓迎　★店長候補 正社員
581,株式会社Vヴィズリア | ★年休125日超★土日祝休み★高インセンで稼げる★未経験OK,未経験でOK！【人材コーディネーター】★年休125日以上 正社員
582,株式会社エコライフ | 完全週休2日制 ◎1回の賞与で450万円獲得する社員も！,未経験OK！研修充実で安心Start◆100％反響型の【不動産営業】 正社員
583,株式会社丸松ササキ工業 | ★旭川に根付いて30年 ★毎年受注が増加している堅実な経営,★未経験者が半数以上！ ★月給25万円～【土木作業員】 正社員
584,株式会社丸松ササキ工業 | ★旭川に根付いて30年 ★毎年受注が増加している堅実な経営,★普通免許があれば挑戦OK！ ★月給30万円～【土木技術者】 正社員
585,株式会社アイ工務店 | ◇◆10月16日(土)マイナビ転職フェア千葉に出展◆◇,《千葉限定採用》反響スタイルの注文住宅【営業】完全週休2日制 正社員
586,株式会社総合資格 | 【 建築・不動産に特化した資格学校を運営 】賞与実績4.8ヶ月分,平均年収894万円！【提案営業】※山口／島根勤務 正社員
587,株式会社総合資格 | 【 建築・不動産に特化した資格学校を運営 】賞与実績4.8ヶ月分,平均年収894万円！早期キャリアUPも可能【提案営業】※広島勤務 正社員
588,株式会社オーム電機 | 60年超の歴史ありで業績も絶好調＊グローバルに事業を展開中！,月給30万/年休120日/完休2日★海外からの【家電用品のバイヤー】 正社員
589,株式会社プリペアド | 個別指導学院ヒーローズ｜コロナ禍でも生徒数増！2校で100名在籍,未経験の挑戦も歓迎【 教室運営スタッフ 】★教室長候補 正社員
590,株式会社へいせい | 【創業74年！スローライフタウンを創る総合建設会社】※転勤なし,歴史ある安定基盤で活躍【住宅コンシェルジュ】★賞与年5.5ヶ月 正社員
591,株式会社近畿道路資材 | ◎WEB面接可◎―イノベーションで地球を守る―総合環境整備企業,【経理】経理×高収入│残業月20時間程度！IT積極導入！ 正社員
592,共和化工株式会社 | 環境リサイクル事業のリーディングカンパニーとして60年の歴史！,☆月給35万円～☆高収入も目指せる【施工管理（プラント）】 正社員
593,株式会社エネクスコンサルティング | 【福岡＆東京募集】現場へは直行直帰！事務作業などはありません,【 電気工事スタッフ 】月給35万円以上 × 年間休日120日！ 正社員
594,共和化工株式会社 | 環境リサイクル事業のリーディングカンパニーとして60年の歴史！,月給30万～☆高収入も目指せる【設計（機械・設備・プラント）】 正社員
595,株式会社バーンフュージョン | 未経験入社の先輩が数多く活躍中｜国家資格取得費用もサポート♪,正社員登用制度有！半導体ウェーハの【品質管理】年間休日180日 契約社員
596,日研トータルソーシング株式会社 | 【売上931億円】年休最大160日・10/22~23転職フェア＠福岡出展,AI・自動化で注目の【ロボットのサポートエンジニア】＊福岡募集 正社員
597,株式会社サンキホーム | 【大阪府緊急雇用対策に賛同】自分に合った働き方が選べる！,【リフォームアドバイザー】完全週休2日 or 週休2日 が選択可能 正社員
598,生和コーポレーション株式会社 | 【大阪府緊急雇用対策に賛同】入社2年目で年収1000万円の社員も,未経験から不動産業界にチャレンジできる【提案営業】※転勤なし 正社員
599,株式会社ディーエムエージェンシー | 6/26（大阪）のマイナビ転職フェアに出展！,【法人営業】☆未経験からでも高収入が可能です♪ 正社員
600,東建コーポレーション株式会社 | ■エリア勤務でも高収入！■上場企業で安心の将来を,月給26.3万円スタート【 営業 】静岡募集＊未経験歓迎＊年齢不問 正社員
601,東建コーポレーション株式会社 | ■エリア勤務でも高収入！■上場企業で安心の将来を,月給26.3万円スタート【 営業 】長野募集＊未経験歓迎＊年齢不問 正社員
602,東建コーポレーション株式会社 | ■エリア勤務でも高収入！■上場企業で安心の将来を,月給26.3万円スタート【 営業 】福岡募集＊未経験歓迎＊年齢不問 正社員
603,東建コーポレーション株式会社 | ■エリア勤務でも高収入！■上場企業で安心の将来を,月給26.3万円スタート【 営業 】東京募集＊未経験歓迎＊年齢不問 正社員
604,東建コーポレーション株式会社 | ■エリア勤務でも高収入！■上場企業で安心の将来を,月給26.3万円スタート【 営業 】京都募集＊未経験歓迎＊年齢不問 正社員
605,株式会社木村土建 | 【創業91年】企業基盤の安定力抜群！応募者は全員面接します！,★即戦力★ 高収入を目指せる【建築施工管理】※月給40万以上可 正社員
606,東建コーポレーション株式会社 | エリア勤務でも高収入、地元で安心できる生活を手に入れよう！,＼年休127日／【 営業 】中日本エリア募集＊未経験＊年齢不問 正社員
607,東建コーポレーション株式会社 | ■エリア勤務でも高収入！■上場企業で安心の将来を,月給26.3万円スタート【 営業 】広島募集＊未経験歓迎＊年齢不問 正社員
608,東建コーポレーション株式会社 | ■エリア勤務でも高収入！■上場企業で安心の将来を,月給26.3万円スタート【 営業 】愛知募集＊未経験歓迎＊年齢不問 正社員
609,メットライフ生命保険株式会社 | 10/16(土)に開催される「マイナビ転職フェア甲府」へ出展します,賞与年4回！／年間休日122日以上！【コンサルティング営業】 正社員
610,東建コーポレーション株式会社 | ■エリア勤務でも高収入！■上場企業で安心の将来を,月給26.3万円スタート【 営業 】岐阜募集＊未経験歓迎＊年齢不問 正社員
611,東建コーポレーション株式会社 | ■エリア勤務でも高収入！■上場企業で安心の将来を,月給26.3万円スタート【営業】神奈川募集＊未経験歓迎＊年齢不問 正社員
612,東建コーポレーション株式会社 | ■エリア勤務でも高収入！■上場企業で安心の将来を,月給26.3万円スタート【 営業 】群馬募集＊未経験歓迎＊年齢不問 正社員
613,東建コーポレーション株式会社 | ■エリア勤務でも高収入！■上場企業で安心の将来を,月給26.3万円スタート【 営業 】石川募集＊未経験歓迎＊年齢不問 正社員
614,東建コーポレーション株式会社 | ■エリア勤務でも高収入！■上場企業で安心の将来を,月給26.3万円スタート【 営業 】千葉募集＊未経験歓迎＊年齢不問 正社員
615,東建コーポレーション株式会社 | ■エリア勤務でも高収入！■上場企業で安心の将来を,月給26.3万円スタート【 営業 】茨城募集＊未経験歓迎＊年齢不問 正社員
616,東建コーポレーション株式会社 | ■エリア勤務でも高収入！■上場企業で安心の将来を,月給26.3万円スタート【 営業 】兵庫募集＊未経験歓迎＊年齢不問 正社員
617,東建コーポレーション株式会社 | ■エリア勤務でも高収入！■上場企業で安心の将来を,月給26.3万円スタート【 営業 】埼玉募集＊未経験歓迎＊年齢不問 正社員
618,東建コーポレーション株式会社 | ■エリア勤務でも高収入！■上場企業で安心の将来を,月給26.3万円スタート【 営業 】大阪募集＊未経験歓迎＊年齢不問 正社員
619,東建コーポレーション株式会社 | ■エリア勤務でも高収入！■上場企業で安心の将来を,月給26.3万円スタート【 営業 】三重募集＊未経験歓迎＊年齢不問 正社員
620,信陽機材リース販売株式会社 | 東証1部上場・株式会社ワキタのグループ企業,未経験でも月給23万円以上でスタート【足場の組立解体スタッフ】 正社員
621,静岡日産自動車株式会社 | 最先端技術のクルマに触れながら働くことができます！,【整備士】安定した基盤＆日産グループ共通の研修制度 正社員
622,株式会社ア・ビュー | 〈 対象者全員面接 〉少しでも興味あれば応募してください♪,★新卒・第二新卒の歓迎募集★【介護スタッフ】★東京都限定募集 正社員
623,想いコーポレーション株式会社,終活【コンシェルジュ】*未経験OK*残業ゼロ*高収入可能 正社員
624,株式会社美雪興業 | ★★★Instagram★★★で現場や日常を配信をしています！,プライベート充実＆高収入GET【作業スタッフ】WEB面談OK！ 正社員
625,株式会社長内水源工業 | 【2021年9月23日（木・祝）『マイナビ転職フェア盛岡』出展】,井戸や温泉などの“水資源”に携わる！【技術総合職】☆未経験OK 正社員
626,株式会社イマス | 9/25(土)マイナビ転職フェアに出展します！★賞与年2回★土日休,＼昇進×固定給UPで、安定して稼げる／【企画営業】※年休120日 正社員
627,朝日ハウジング株式会社 | インセンティブあり！ノルマは無いですが頑張りは還元します！,宅建の資格のみあれば実務未経験OK！不動産の【営業スタッフ】 正社員
628,YMOカンパニー | ★服装・髪型自由 ★勤務は1日4～6時間 ★お休みも自由にとれる,ボーナスは年4回！稼げる♪♪【ハウスクリーニングスタッフ】 正社員
629,株式会社バンブーフィールド | 8～12日の長期休暇あり／完全週休2日／残業少なめ,【不動産仕入れ営業】圧倒的な仕入れ易さで年収2000万円も実現可 正社員
630,株式会社コスモ | SEIKOホールディングス傘下／セイコーソリューションズ100％出資,【ITエンジニア】※松本勤務 ※PM・PL経験を発揮 ※賞与年3回 正社員
631,株式会社ウンノハウス | 平均年収600万円以上／研修・勉強会などスキルUPできる環境豊富,"安定企業で""オンリーワン""の住まいづくり【住宅設計】 正社員"
632,株式会社ウンノハウス | 慣れ親しんだ場所で働きたいetc...Uターン歓迎!引越代サポート,業績賞与年4回！ワークライフバランスを実現☆【反響営業】 正社員
633,株式会社ウンノハウス | 平均年収600万円以上／研修・勉強会などスキルUPできる環境豊富,"オンリーワン""の住まいづくり【住宅施工管理】 正社員"
634,株式会社ウンノハウス | ☆完全週休2日制☆【研修・勉強会などスキルUPできる環境豊富】,分業制なので業務に集中できる！【インテリアコーディネーター】 正社員
